,root:Diseases:Digestive System Diseases,root:Diseases:Hemic and Lymphatic Diseases,root:Infections:Bacterial Infections and Mycoses,Unknown
SRR6474251,0.57262397,0.04812634,0.025234371,0.35401535
ERR719203,0.070302784,0.011081636,0.008010894,0.9106047
SRR6264896,0.0698677,0.010975271,0.00699535,0.9121617
SRR5866347,0.6339053,0.058214754,0.03458774,0.27329218
SRR5813405,0.07054061,0.0111293495,0.008232325,0.9100977
SRR6264938,0.06987515,0.010979414,0.007044673,0.9121008
SRR5757992,0.15672678,0.045006633,0.39828217,0.39998442
SRR5429070,0.31863707,0.1473086,0.5340543,0.0
SRR5757823,0.0882484,0.11336693,0.7442234,0.05416125
ERR719104,0.070637494,0.011056274,0.007394016,0.9109122
ERR209574,0.6328553,0.058604598,0.03547448,0.27306563
SRR7507327,0.070512086,0.011127323,0.007796347,0.91056424
SRR6724422,0.6339292,0.05821848,0.034599036,0.27325332
SRR6281237,0.06986588,0.010978192,0.0070430934,0.91211283
SRR7507462,0.06986767,0.010975271,0.006995797,0.91216123
ERR719820,0.069750965,0.01105845,0.008540094,0.9106505
SRR5650024,0.08963087,0.012514651,0.009639531,0.88821495
SRR5648774,0.06986755,0.0109787285,0.0070337653,0.91212
SRR7507650,0.06986767,0.010975271,0.0069957674,0.9121613
SRR6928787,0.069865614,0.010993332,0.007249832,0.9118912
SRR6265446,0.0698677,0.010975271,0.00699535,0.9121617
ERR720164,0.06986573,0.010976493,0.007017672,0.91214013
SRR5802314,0.06985983,0.010980904,0.0070893764,0.9120699
SRR5610106,0.071382165,0.011207432,0.008599013,0.9088114
SRR5761698,0.0698531,0.01098299,0.0071341395,0.91202974
SRR5579092,0.06986594,0.010976136,0.0070100725,0.9121479
SRR5866365,0.0770933,0.011397302,0.0069563687,0.90455306
SRR6264710,0.5401443,0.076099575,0.306858,0.0768981
SRR5203046,0.06986749,0.010975361,0.0069973767,0.9121598
SRR5758152,0.09096852,0.11694974,0.7588128,0.03326893
SRR5578987,0.06986341,0.010977596,0.00703609,0.9121229
ERR209802,0.6336082,0.05849868,0.034941554,0.27295154
SRR5649008,0.0698677,0.010975271,0.0069953203,0.9121617
SRR5796722,0.07044372,0.011370301,0.013280749,0.9049052
SRR5866275,0.17631084,0.015989244,0.006767571,0.80093235
SRR5218386,0.07044372,0.011059433,0.0074089468,0.9110879
SRR5578933,0.09392202,0.016178459,0.03107962,0.8588199
SRR5203195,0.06986737,0.01097545,0.0069981217,0.9121591
SRR6264249,0.0698677,0.010975331,0.00699538,0.9121616
SRR5983281,0.28912878,0.020085335,0.006098777,0.68468714
ERR011119,0.069922715,0.010983974,0.007045716,0.9120476
SRR5648785,0.0698677,0.010975271,0.00699535,0.9121617
SRR5648927,0.0698677,0.010975271,0.00699538,0.91216165
SRR5803767,0.06986973,0.010979325,0.0070261955,0.91212475
ERR209116,0.07388899,0.012050778,0.019551426,0.89450884
SRR5377207,0.06992039,0.011013746,0.0074557364,0.9116101
SRR6928743,0.0698677,0.010975271,0.00699538,0.91216165
ERR209824,0.07033223,0.011011004,0.007106811,0.9115499
SRR3400443,0.08802855,0.11315319,0.74331576,0.055502534
SRR2918731,0.63393223,0.058217138,0.034586698,0.27326393
SRR5602160,0.06986722,0.0109755695,0.007000923,0.9121563
ERR719931,0.069924414,0.011005223,0.0072520077,0.9118184
SRR5761708,0.0698677,0.010975271,0.00699535,0.9121617
SRR5649095,0.0706695,0.011141092,0.008290887,0.9098985
SRR5580568,0.06985983,0.010979325,0.0070678294,0.91209304
SRR5580550,0.069859564,0.010981858,0.007103026,0.91205555
SRR1766059,0.0698677,0.010975271,0.0069953203,0.9121617
SRR5866489,0.07464129,0.011449903,0.007942468,0.90596634
SRR7507495,0.07062513,0.011058718,0.0073886514,0.91092753
SRR5802279,0.06986749,0.0109754205,0.0069967806,0.9121603
ERR209546,0.62907064,0.0578053,0.03485918,0.27826488
DRR067938,0.08802715,0.11315557,0.7433225,0.055494785
SRR6264068,0.49692273,0.03835386,0.017381191,0.44734222
ERR719727,0.12909693,0.015044212,0.013528436,0.84233046
SRR5202888,0.06986767,0.010975331,0.0069955885,0.9121614
SRR5758025,0.08802715,0.11315557,0.7433225,0.055494785
SRR5577144,0.63393223,0.058217138,0.034586698,0.27326393
ERR719569,0.06986752,0.0109782815,0.0070250034,0.91212916
SRR6182550,0.06986755,0.01097548,0.006997019,0.9121599
SRR6357160,0.0698677,0.010975271,0.00699535,0.9121617
SRR5218313,0.6338359,0.05821547,0.034653813,0.2732948
SRR5078919,0.0698677,0.010975271,0.00699535,0.9121617
ERR525813,0.06986776,0.010975331,0.0069963336,0.9121606
SRR7507474,0.06986663,0.010975808,0.0070042014,0.91215336
SRR6724376,0.14742571,0.014725149,0.006411165,0.83143795
SRR6265241,0.06985408,0.0109815,0.007109642,0.9120548
SRR5983323,0.2799474,0.019788653,0.0061401725,0.69412374
SRR5610101,0.0698677,0.010975271,0.0069953203,0.9121617
SRR5203404,0.06986311,0.010977477,0.0070347786,0.91212463
ERR209447,0.16413131,0.016161501,0.0088143945,0.8108928
SRR5629123,0.07082671,0.011136353,0.008521348,0.9095156
SRR1693254,0.63070095,0.059354722,0.03599444,0.27394986
ERR525790,0.06801146,0.0118640065,0.063141435,0.85698307
SRR5548968,0.63393205,0.058217227,0.034586757,0.27326393
SRR5602351,0.06987038,0.010988146,0.0071748495,0.9119666
SRR5078823,0.06986439,0.010976881,0.007024169,0.9121345
SRR5648923,0.07032323,0.011047989,0.007365018,0.91126376
SRR1687041,0.6338438,0.058363855,0.034682184,0.27311015
SRR5399292,0.06986597,0.010976046,0.007009536,0.9121485
SRR5548520,0.63393223,0.058217138,0.034586698,0.27326393
SRR5818477,0.0725179,0.01117453,0.0071157515,0.90919185
SRR5399195,0.46867782,0.042589366,0.049999982,0.43873286
SRR5947812,0.50427496,0.041573375,0.01826483,0.4358868
SRR7507717,0.073022574,0.011436939,0.0078024864,0.907738
SRR5429352,0.21820647,0.5918121,0.18998148,0.0
SRR5399205,0.0698677,0.010975271,0.00699535,0.9121617
SRR5757780,0.10559236,0.13566895,0.7587387,0.0
ERR719544,0.070613,0.011201084,0.009530246,0.90865564
SRR5078728,0.0698677,0.010975271,0.00699535,0.9121617
SRR6357131,0.0698677,0.010975271,0.00699535,0.9121617
SRR6264088,0.07019904,0.011080027,0.007831395,0.9108895
SRR5580474,0.06985727,0.010980308,0.007086605,0.9120758
SRR5983349,0.63393223,0.058217138,0.034586698,0.27326393
ERR209901,0.07224935,0.011262983,0.008075744,0.9084119
ERR719264,0.06986874,0.010985047,0.0071180463,0.9120282
SRR6424505,0.10247208,0.13171315,0.7658148,0.0
SRR5203217,0.069853365,0.011002362,0.0074119866,0.9117323
ERR209816,0.6259731,0.058051288,0.03511098,0.2808646
SRR5758043,0.069865406,0.010976225,0.007014364,0.912144
SRR1693228,0.63311464,0.058662683,0.035301685,0.27292097
SRR5399187,0.0698677,0.010975271,0.00699535,0.9121617
ERR209625,0.6336266,0.058319837,0.034917712,0.2731359
SRR6264798,0.0698587,0.010979384,0.007070869,0.912091
SRR6928774,0.0698677,0.010975271,0.00699535,0.9121617
SRR5579064,0.069864005,0.0109811425,0.0070878267,0.91206706
SRR7507335,0.06986719,0.0109755695,0.0070001483,0.91215706
SRR6928750,0.06986728,0.010975391,0.0069989264,0.91215837
SRR5648871,0.06986767,0.010975271,0.0069957674,0.9121613
SRR064872,0.20505226,0.033257097,0.2974639,0.46422672
ERR525706,0.06986576,0.010976315,0.007014245,0.9121437
SRR5866321,0.0698677,0.010975271,0.00699535,0.9121617
SRR5763465,0.06986767,0.010975271,0.006995648,0.9121614
SRR1693218,0.4844976,0.037109286,0.017203808,0.46118927
SRR7507591,0.26301652,0.021667778,0.0067640245,0.70855165
SRR6263976,0.06987977,0.010983348,0.007083744,0.9120531
SRR1693350,0.4810639,0.039202154,0.021193057,0.45854092
SRR6331166,0.06986767,0.010975331,0.006995529,0.91216147
ERR719730,0.13208315,0.015001029,0.012107462,0.8408084
SRR5431399,0.069788724,0.011011332,0.0076883137,0.91151166
SRR053019,0.63298273,0.058570117,0.035719305,0.27272785
ERR209709,0.07272884,0.011155456,0.007025093,0.90909064
SRR5610051,0.06986615,0.010975957,0.0070081055,0.9121498
SRR5548601,0.6331641,0.058864772,0.035185665,0.27278543
ERR719754,0.06986755,0.010977119,0.007009566,0.91214573
ERR011143,0.06986165,0.010979652,0.0070693195,0.91208935
SRR6265143,0.07058236,0.011439532,0.0155745745,0.90240353
ERR720213,0.07078114,0.011089027,0.007748723,0.9103811
ERR719575,0.07031095,0.011077046,0.008017361,0.91059464
SRR5079123,0.0698677,0.010975271,0.00699535,0.9121617
SRR5934960,0.06987929,0.010992885,0.007237166,0.9118906
SRR6424655,0.08806211,0.113200754,0.7435132,0.05522394
SRR5813189,0.069865674,0.010976374,0.0070147216,0.91214323
SRR7507622,0.07107356,0.011141688,0.007203877,0.9105809
SRR1687065,0.63178396,0.05982697,0.036156416,0.27223265
SRR5803614,0.070717454,0.011214703,0.008551538,0.90951633
SRR5549076,0.6339309,0.058217943,0.03458768,0.27326345
SRR5866547,0.06998956,0.011008233,0.0073232353,0.91167897
ERR719905,0.06986761,0.010975331,0.006996095,0.912161
SRR5203403,0.06986767,0.010975271,0.0069957376,0.91216135
ERR525841,0.0698677,0.010975271,0.00699535,0.9121617
SRR5610071,0.06986594,0.010988146,0.007193476,0.91195244
SRR6182446,0.06986767,0.010975331,0.006995529,0.91216147
SRR7423288,0.070846915,0.011171222,0.0072484016,0.91073346
SRR5629121,0.5831669,0.052998126,0.035242856,0.32859212
SRR6182354,0.0698677,0.010975271,0.00699535,0.9121617
SRR5079071,0.0698677,0.010975271,0.0069954395,0.9121616
ERR011350,0.06992099,0.010982782,0.007050663,0.9120456
ERR209152,0.06986639,0.010986626,0.0071514547,0.91199553
SRR5757771,0.09766213,0.12553693,0.776801,0.0
SRR5548755,0.58500254,0.06837633,0.26721895,0.07940221
SRR5761761,0.07021153,0.011975467,0.043043554,0.87476945
ERR719135,0.06986654,0.0109758675,0.0070058107,0.9121518
SRR5202882,0.06986749,0.010975361,0.0069974065,0.91215974
ERR209358,0.10191721,0.012769073,0.007186234,0.87812746
SRR6474280,0.6334345,0.058845192,0.035092235,0.27262807
SRR6264521,0.07003644,0.011007488,0.0073215067,0.91163456
SRR6185241,0.23228624,0.022530377,0.012992144,0.7321912
SRR7507341,0.63392115,0.058226615,0.03458911,0.27326316
SRR5711561,0.22166187,0.017625242,0.006272733,0.7544402
SRR5549008,0.63393223,0.058217138,0.034586698,0.27326393
SRR064903,0.633905,0.05823466,0.034893602,0.27296674
SRR5548429,0.6337126,0.0581899,0.034570247,0.27352726
SRR5078591,0.63393193,0.058217227,0.034587055,0.2732638
SRR5761766,0.0698677,0.010975271,0.00699535,0.9121617
SRR5020909,0.27696854,0.019890666,0.0063566566,0.69678414
SRR5802394,0.07005638,0.01104489,0.0075051785,0.9113935
SRR6185178,0.06986767,0.010975331,0.0069955587,0.91216147
ERR209367,0.09145063,0.012825102,0.011193931,0.8845303
SRR6901829,0.0698401,0.010987937,0.0072310567,0.91194093
ERR720215,0.07076734,0.011079162,0.0076268613,0.91052663
SRR1693217,0.63393176,0.058217287,0.034589022,0.2732619
SRR5399496,0.0698677,0.010975271,0.00699535,0.9121617
SRR7507674,0.070241064,0.01101774,0.0071472228,0.911594
SRR5020895,0.08970761,0.11448425,0.7467973,0.049010813
ERR720031,0.0698691,0.010981232,0.0070593357,0.9120903
SRR1930138,0.06986678,0.010975748,0.0070032477,0.9121542
SRR6474214,0.07064688,0.011047423,0.007224351,0.9110813
SRR7507396,0.069868416,0.010975301,0.006996602,0.9121597
SRR6330896,0.06986767,0.010975271,0.0069956183,0.91216147
SRR5610114,0.06976181,0.011023819,0.007941842,0.9112725
SRR5580641,0.06986752,0.010975361,0.00699687,0.9121603
SRR5202958,0.0698677,0.010975331,0.00699538,0.9121616
SRR7690087,0.069880575,0.010977179,0.007013768,0.91212845
SRR5020875,0.09375784,0.12054524,0.77252126,0.013175666
SRR5637737,0.0698677,0.010975271,0.00699535,0.9121617
SRR2918740,0.62537783,0.056713223,0.033156276,0.28475267
ERR209402,0.069903105,0.010990202,0.007054776,0.9120519
SRR2914201,0.06986776,0.010975271,0.00699538,0.9121616
ERR525689,0.60675895,0.05583653,0.03390491,0.30349958
ERR525791,0.30523545,0.02150911,0.007594377,0.6656611
ERR719654,0.07047233,0.011053771,0.007432103,0.9110418
SRR5399199,0.09655092,0.124143094,0.779306,0.0
SRR5429200,0.0698677,0.010975271,0.0069953203,0.9121617
ERR525917,0.63393176,0.058217555,0.034587473,0.27326322
ERR011287,0.30197984,0.09492588,0.52258545,0.08050883
SRR5637786,0.06986767,0.010975271,0.0069956183,0.91216147
SRR1763576,0.6316345,0.059883863,0.036345333,0.27213633
SRR7507406,0.06986767,0.010975331,0.006995499,0.91216147
SRR7507594,0.13938788,0.015343964,0.009146631,0.83612156
SRR6724467,0.631145,0.065173745,0.03578016,0.26790106
SRR5196129,0.12065077,0.013606846,0.0068982244,0.85884416
SRR1763600,0.62591827,0.058548212,0.035731137,0.27980238
SRR5343152,0.0698677,0.010975271,0.00699535,0.9121617
SRR5078696,0.06910387,0.011330366,0.017424673,0.9021411
SRR5761750,0.0698677,0.010975271,0.00699535,0.9121617
SRR5078853,0.0698677,0.010975271,0.00699535,0.9121617
ERR718996,0.069866836,0.010976046,0.007005334,0.9121518
SRR5343106,0.0698677,0.010975271,0.00699535,0.9121617
SRR5548709,0.63393223,0.058217138,0.034586698,0.27326393
ERR719681,0.069880635,0.010977715,0.0070194006,0.91212225
SRR5580523,0.06986165,0.010978639,0.007054776,0.91210496
SRR5343156,0.0698677,0.010975271,0.00699535,0.9121617
SRR5549035,0.63393223,0.058217138,0.034586698,0.27326393
ERR209892,0.070173055,0.011022776,0.0072556734,0.9115485
ERR321536,0.07051331,0.011058003,0.0075242817,0.9109044
SRR5763478,0.06986794,0.010975361,0.0069969594,0.91215974
ERR209423,0.070349574,0.0110884905,0.007971317,0.91059065
SRR5796735,0.6337089,0.05958143,0.035016507,0.2716931
SRR5934942,0.13546571,0.014737695,0.009185851,0.84061074
SRR5796725,0.63301015,0.060314238,0.03553146,0.27114415
SRR5802290,0.06985101,0.010982871,0.007136166,0.91203
SRR1008941,0.63393223,0.058217138,0.034586698,0.27326393
ERR209568,0.07551047,0.01169309,0.010311037,0.9024854
SRR6424708,0.20541918,0.033160836,0.2965452,0.46487474
ERR209813,0.072149634,0.011246115,0.0085063875,0.90809786
SRR5429307,0.5656968,0.0814465,0.18499178,0.16786498
SRR5866418,0.06986439,0.010978103,0.0070390105,0.9121185
SRR6182291,0.069867104,0.01097554,0.007000506,0.9121568
SRR5803678,0.0698677,0.010983616,0.0070977807,0.9120509
SRR1999160,0.06986755,0.010975361,0.006996542,0.9121605
ERR720131,0.06986356,0.010979742,0.007061273,0.9120954
SRR5343216,0.0698677,0.010975271,0.00699535,0.9121617
SRR6264904,0.06993312,0.01100564,0.0073706806,0.9116906
ERR525763,0.082095474,0.011787564,0.007826179,0.89829075
SRR6264412,0.0698677,0.010975271,0.00699535,0.9121617
SRR5078762,0.07002622,0.011044472,0.0073910356,0.91153824
SRR5761679,0.0698677,0.010975271,0.00699535,0.9121617
ERR209473,0.06987628,0.010987848,0.0071673393,0.9119685
SRR6331460,0.06986761,0.010975301,0.006996453,0.91216063
SRR5549047,0.6339145,0.058226407,0.03460273,0.27325642
SRR5651473,0.633803,0.058300316,0.03606808,0.2718286
SRR5758048,0.09993932,0.11666769,0.75004375,0.033349276
SRR5580465,0.06938058,0.011683434,0.031633943,0.88730204
ERR719245,0.06986678,0.01097852,0.007044345,0.9121103
ERR1823599,0.6329511,0.059868157,0.035524487,0.27165627
ERR720206,0.07208374,0.011173755,0.0077553093,0.90898716
SRR5429175,0.21895346,0.59089583,0.19015071,0.0
SRR5934933,0.15695632,0.015799284,0.009475827,0.8177686
ERR209613,0.27904612,0.021071255,0.007856995,0.69202566
SRR5079006,0.0698677,0.010975271,0.00699535,0.9121617
SRR064890,0.63393223,0.058217138,0.034586698,0.27326393
SRR961705,0.06986767,0.010975331,0.006995529,0.91216147
SRR5609947,0.06986347,0.010977209,0.007031083,0.9121282
SRR6264457,0.0698677,0.010975271,0.0069953203,0.9121617
SRR5429194,0.16053388,0.077504456,0.5416187,0.220343
SRR6331112,0.0698711,0.010987878,0.0071731806,0.9119679
SRR5203139,0.06986761,0.010975331,0.006995946,0.9121611
SRR1687458,0.63042295,0.059560567,0.035464406,0.2745521
SRR5091562,0.07003251,0.010995865,0.0071472526,0.91182435
SRR6264171,0.0698677,0.010975271,0.00699535,0.9121617
SRR5758129,0.5609505,0.058682352,0.100705415,0.27966177
SRR3400435,0.0698677,0.010975271,0.00699535,0.9121617
SRR5757983,0.08802724,0.113155395,0.743322,0.05549538
SRR5757782,0.088104516,0.11302668,0.74296266,0.055906177
SRR5813233,0.06988013,0.010981351,0.0070419014,0.9120966
SRR7507543,0.60381204,0.058158517,0.03731242,0.300717
SRR961733,0.0698618,0.010979027,0.007060647,0.9120985
SRR5983436,0.15142995,0.053297907,0.45551315,0.339759
SRR5079173,0.06986767,0.010975331,0.0069954097,0.9121616
SRR5202875,0.0698677,0.010975271,0.00699535,0.9121617
SRR5983378,0.3191659,0.022632599,0.007746786,0.65045476
SRR5602199,0.06990677,0.0109990835,0.0072840154,0.91181016
SRR5203231,0.07007146,0.011051893,0.007645458,0.91123116
SRR1763575,0.63240707,0.059149235,0.035930365,0.27251327
SRR6330923,0.06986764,0.010975271,0.0069958568,0.91216123
SRR961701,0.069867104,0.01097554,0.0070005357,0.9121568
SRR6264409,0.069867104,0.010977119,0.0070186555,0.91213715
SRR6182300,0.06987485,0.010979831,0.007019609,0.9121257
ERR209140,0.06990397,0.01099506,0.0071327686,0.91196823
SRR5580538,0.07379246,0.011726528,0.014229894,0.90025115
SRR6264206,0.0698677,0.010975331,0.00699538,0.9121616
SRR6724380,0.63393223,0.058217138,0.034586728,0.27326387
SRR1690153,0.39863676,0.034760952,0.022416055,0.54418623
SRR1765915,0.069992006,0.011022985,0.0073128343,0.9116722
SRR6264229,0.09045598,0.10908142,0.7315312,0.0689314
SRR6424744,0.08802715,0.11315557,0.7433225,0.055494785
ERR209529,0.08098084,0.011790723,0.008301288,0.89892715
SRR5758132,0.08802715,0.11315557,0.7433225,0.055494785
SRR5650124,0.6339313,0.058218807,0.03458771,0.27326214
SRR6724447,0.07058498,0.011181444,0.009105772,0.90912783
SRR6265608,0.069866,0.010976046,0.0070097446,0.91214824
SRR2142222,0.63393223,0.058217138,0.034586698,0.27326393
SRR5602166,0.0705744,0.011155993,0.008324623,0.909945
SRR6264257,0.06986719,0.010976464,0.0070091784,0.91214716
SRR5761788,0.0698677,0.010975271,0.00699538,0.91216165
SRR5202859,0.0698674,0.0109754205,0.006997913,0.91215926
SRR064851,0.29945648,0.15468337,0.5458602,0.0
SRR5020859,0.0698677,0.010975271,0.00699535,0.9121617
SRR5649000,0.06986764,0.010975271,0.0069958568,0.91216123
ERR719169,0.0702807,0.011095017,0.008294433,0.9103298
SRR2142183,0.07346606,0.011193901,0.0070154965,0.90832454
ERR525848,0.06986761,0.01097706,0.0070213675,0.91213393
SRR6264535,0.06986722,0.0109754205,0.0069995522,0.9121578
SRR5610055,0.07294208,0.011402935,0.0087367,0.9069183
SRR7423286,0.21349975,0.017758131,0.0069530904,0.761789
SRR5431383,0.06972766,0.011039197,0.008268207,0.91096497
SRR5078669,0.0698677,0.010975271,0.00699535,0.9121617
SRR5396504,0.18455899,0.030329883,0.26358783,0.5215233
SRR5429191,0.6341673,0.06369802,0.035343707,0.26679093
SRR5396459,0.6312144,0.05807802,0.035867065,0.27484047
SRR6724528,0.06987941,0.010978043,0.007025391,0.9121171
SRR5429149,0.21820647,0.5918121,0.18998148,0.0
SRR6331089,0.06986761,0.010975331,0.0069962144,0.9121609
SRR5203177,0.0698677,0.010975271,0.00699535,0.9121617
SRR6424592,0.069864064,0.010977,0.0070275664,0.91213137
ERR209534,0.5955113,0.054315895,0.033668697,0.31650406
SRR7507659,0.06992015,0.0109960735,0.0071158707,0.9119679
ERR209196,0.07053423,0.011071503,0.0076230764,0.9107712
ERR719870,0.06986496,0.010977,0.0070245266,0.9121335
SRR5610059,0.06986734,0.01097545,0.006998718,0.9121585
SRR1687098,0.6326038,0.0587973,0.03600502,0.27259386
SRR5648873,0.069868475,0.010977387,0.0070123374,0.9121418
ERR011266,0.06983876,0.010988772,0.007246703,0.9119258
SRR5758155,0.0880273,0.113155395,0.7433222,0.055495143
SRR6185216,0.06986767,0.010975331,0.0069955587,0.91216147
ERR718994,0.06986481,0.010977417,0.0070296526,0.9121281
SRR5580530,0.13066173,0.014515132,0.009492576,0.8453306
SRR6182460,0.06986746,0.010975391,0.0069981813,0.91215897
SRR5429223,0.21820647,0.5918121,0.18998148,0.0
ERR719422,0.06995547,0.010983437,0.0070338547,0.91202724
ERR1809146,0.0698677,0.010975271,0.0069954395,0.9121616
SRR5079065,0.0698677,0.010975271,0.00699535,0.9121617
SRR6265466,0.069876075,0.010979623,0.0070427954,0.9121015
ERR719082,0.06985763,0.010980338,0.0070875287,0.9120745
SRR961777,0.06987187,0.010980278,0.007005781,0.91214204
SRR6265528,0.070755094,0.011111289,0.007998824,0.9101348
ERR720221,0.07135227,0.011115611,0.007582873,0.90994924
SRR5203187,0.069865555,0.010976315,0.0070132017,0.9121449
SRR5649165,0.0698677,0.010975271,0.00699535,0.9121617
SRR5947856,0.6296662,0.058467776,0.03548804,0.27637804
SRR5802220,0.06986761,0.010975331,0.006996095,0.912161
SRR5399197,0.0698677,0.010975271,0.00699535,0.9121617
SRR5602180,0.0698677,0.010975271,0.00699535,0.9121617
ERR719995,0.0698674,0.010980457,0.0070542693,0.9120979
SRR5548202,0.6334242,0.058481634,0.035198063,0.27289605
ERR719532,0.07004964,0.0110607445,0.0080426335,0.91084695
SRR5649028,0.07063529,0.011105597,0.00757128,0.9106878
SRR6264019,0.0698677,0.010975271,0.00699535,0.9121617
SRR1687446,0.6327804,0.058672994,0.035858214,0.27268845
SRR5399635,0.06986973,0.010978699,0.007023573,0.912128
SRR5203165,0.06986767,0.010975271,0.006995797,0.91216123
SRR5602301,0.0698677,0.010975271,0.00699538,0.91216165
ERR719991,0.0698677,0.010980427,0.00705263,0.91209924
SRR6928784,0.0698677,0.010975271,0.00699535,0.9121617
SRR6264911,0.06990367,0.010992825,0.0072034895,0.91190004
SRR5343071,0.0698677,0.010975271,0.00699535,0.9121617
ERR525737,0.069876164,0.010980308,0.007042438,0.9121011
SRR051676,0.21896033,0.5853906,0.19564904,0.0
SRR6264011,0.0698643,0.010976881,0.007024467,0.91213435
ERR719735,0.15650395,0.016465396,0.014009476,0.8130212
SRR3400417,0.29942435,0.1546649,0.5459107,0.0
ERR1809149,0.06984824,0.010984957,0.007171005,0.91199577
SRR5078907,0.32781285,0.021181136,0.0058152974,0.6451907
SRR5610042,0.06986463,0.010976672,0.0070210993,0.9121376
SRR1262585,0.0698677,0.010975271,0.00699535,0.9121617
SRR5429305,0.21820647,0.5918121,0.18998148,0.0
SRR5343094,0.0698677,0.010975271,0.00699535,0.9121617
ERR525811,0.0698677,0.010975271,0.00699535,0.9121617
SRR5431400,0.06986746,0.010975361,0.006997317,0.91215986
SRR5580644,0.06986719,0.01097548,0.0070001185,0.9121572
ERR209711,0.6286905,0.05844748,0.035021156,0.27784085
SRR5078966,0.06938255,0.0112556815,0.013977379,0.9053844
SRR6182290,0.0698674,0.0109754205,0.006997794,0.9121594
SRR5650137,0.6322748,0.058335423,0.03532642,0.27406335
ERR719346,0.06987211,0.011011094,0.0075216293,0.91159517
SRR5648863,0.350632,0.05441895,0.28889358,0.30605543
SRR6265188,0.0698677,0.010975271,0.00699535,0.9121617
SRR5758069,0.21966413,0.12898917,0.6513466,0.0
SRR6724432,0.631719,0.05916071,0.035299808,0.27382052
SRR5637778,0.06986767,0.010975331,0.0069954395,0.9121616
SRR5866442,0.0698677,0.010975271,0.00699535,0.9121617
SRR5548052,0.63393223,0.058217138,0.034586698,0.27326393
SRR5548776,0.63393223,0.058217138,0.034586698,0.27326393
SRR5813262,0.0698674,0.010979205,0.007033974,0.9121194
SRR5758110,0.06999767,0.011110455,0.00911814,0.9097737
SRR064859,0.6332824,0.0586932,0.0353103,0.27271414
SRR5763459,0.34589,0.025612295,0.010532588,0.6179651
ERR209311,0.07980168,0.011750191,0.00875771,0.8996904
ERR719911,0.06986761,0.010975331,0.006996125,0.91216093
SRR5548944,0.63393223,0.058217138,0.034586698,0.27326393
SRR5343116,0.069863856,0.010977089,0.0070287585,0.9121303
SRR5637740,0.0698677,0.010975271,0.00699535,0.9121617
SRR5761779,0.07003823,0.011028767,0.00731647,0.91161656
SRR5648995,0.07357615,0.012265295,0.0251486,0.88900995
SRR6264619,0.0955832,0.014083266,0.02465251,0.86568105
SRR5343182,0.06986767,0.010975331,0.0069955885,0.9121614
SRR6264432,0.0698677,0.010975271,0.00699535,0.9121617
ERR634973,0.08110678,0.012008339,0.010561198,0.8963237
SRR6474304,0.16640171,0.015960366,0.008466452,0.80917144
SRR6024850,0.0698677,0.010975271,0.00699538,0.91216165
ERR719278,0.06986737,0.01097548,0.006998807,0.91215837
SRR5429275,0.21820647,0.5918121,0.18998148,0.0
SRR5343069,0.06986755,0.010975361,0.006996691,0.9121604
ERR011198,0.07003814,0.01099956,0.0071697533,0.9117925
SRR064898,0.63393223,0.058217138,0.034586698,0.27326393
ERR209619,0.6338024,0.058345318,0.03465131,0.273201
SRR2726138,0.07868391,0.0115477145,0.007848322,0.9019201
ERR209510,0.07011014,0.011035532,0.007311791,0.91154253
ERR209280,0.06988996,0.010985136,0.0071042776,0.9120206
SRR5428922,0.28000492,0.55827844,0.16171663,0.0
SRR5803758,0.07030296,0.011052221,0.0073815584,0.9112632
ERR695630,0.61176705,0.055024832,0.03213775,0.30107033
SRR5078616,0.0698677,0.010975271,0.00699535,0.9121617
SRR6265075,0.0698677,0.010975271,0.00699535,0.9121617
SRR6474290,0.06995517,0.010988474,0.0070685744,0.9119878
ERR719118,0.070290565,0.0110293925,0.0073292255,0.91135085
SRR5548733,0.63393223,0.058217138,0.034586698,0.27326393
SRR7507665,0.0705218,0.011114597,0.0075571537,0.9108064
ERR209754,0.6319529,0.058073103,0.03491953,0.27505445
SRR6264255,0.06986672,0.010975689,0.0070039034,0.9121537
SRR5761756,0.06987023,0.010984987,0.0071143806,0.9120304
SRR6330910,0.069866836,0.010975659,0.0070025027,0.91215503
SRR6265368,0.16856223,0.016379833,0.008551747,0.80650616
SRR5548571,0.6335554,0.058603823,0.034866035,0.27297473
SRR5602292,0.06993082,0.011036366,0.007008612,0.9120242
SRR6331482,0.0698677,0.010975271,0.00699535,0.9121617
SRR6724374,0.6314888,0.05998701,0.03635761,0.2721666
SRR2914165,0.0698677,0.010975271,0.00699538,0.91216165
SRR1687055,0.63358754,0.06003824,0.034918934,0.2714553
SRR5203311,0.32936478,0.024532229,0.0059633553,0.64013964
SRR5648856,0.0698677,0.010975271,0.00699535,0.9121617
SRR064891,0.63393223,0.058217138,0.034586698,0.27326393
SRR6901785,0.06992319,0.010995448,0.0071390867,0.91194224
SRR6331076,0.06986466,0.010976672,0.0070207417,0.9121379
SRR5602267,0.06986272,0.010977805,0.0070406497,0.9121188
SRR5203119,0.0698677,0.010975271,0.00699535,0.9121617
SRR5548509,0.6336128,0.058467865,0.03488657,0.27303278
ERR719929,0.06993735,0.0110088885,0.007283807,0.91177
SRR6264367,0.06828079,0.011797726,0.052313,0.8676085
SRR5580460,0.0698649,0.010977387,0.007028252,0.91212946
SRR6281228,0.06986496,0.010979235,0.007052362,0.9121034
SRR5399228,0.0698677,0.010975271,0.00699535,0.9121617
ERR209204,0.07067788,0.01105988,0.007440299,0.9108219
SRR5079021,0.0698677,0.010975271,0.00699535,0.9121617
SRR6182304,0.0698677,0.010975271,0.00699535,0.9121617
SRR5610138,0.06986722,0.01097548,0.0069991946,0.91215813
SRR5078585,0.0698677,0.010975271,0.00699538,0.91216165
SRR6265125,0.10480949,0.019378185,0.12439674,0.7514156
SRR7507326,0.06986767,0.010975331,0.0069955885,0.9121614
SRR7507560,0.62486166,0.056473255,0.032759458,0.2859056
SRR7507538,0.06986761,0.010975331,0.006996006,0.91216105
SRR5903331,0.06986758,0.010975361,0.006996423,0.91216063
SRR5763472,0.0698677,0.010975271,0.00699535,0.9121617
SRR6265083,0.0698677,0.010975271,0.00699535,0.9121617
SRR1693355,0.12099555,0.014732331,0.010208756,0.8540634
SRR5203226,0.0698677,0.010975271,0.00699535,0.9121617
SRR5648947,0.29954994,0.02201572,0.009136647,0.6692977
SRR5757772,0.06986344,0.010977209,0.0070313513,0.912128
SRR6182488,0.07001513,0.011046618,0.007629961,0.9113083
SRR5610136,0.07064906,0.011626244,0.019053876,0.8986708
ERR525809,0.06999242,0.010997027,0.007204503,0.91180605
SRR5648842,0.06986472,0.010976702,0.007021934,0.9121367
SRR5429289,0.21820647,0.5918121,0.18998148,0.0
SRR6330962,0.069865525,0.010976315,0.0070150793,0.9121431
SRR5803787,0.06987125,0.010980248,0.0070186853,0.9121298
SRR053016,0.17562708,0.016735703,0.010972053,0.7966652
SRR5202990,0.06986588,0.010976225,0.007012993,0.9121449
SRR1009078,0.6333817,0.058339417,0.034769237,0.27350962
SRR5079131,0.0698677,0.010975271,0.00699535,0.9121617
SRR2142224,0.63393223,0.058217138,0.034586757,0.2732638
SRR7507452,0.0698677,0.0109754205,0.006996095,0.91216075
SRR1999124,0.06986219,0.010978997,0.007057935,0.9121009
SRR5365476,0.06986639,0.010975957,0.00700742,0.91215026
SRR7507372,0.06986767,0.010975331,0.006995529,0.91216147
SRR6264689,0.06986767,0.010975331,0.006995529,0.91216147
SRR5602289,0.0698677,0.010975331,0.0069954395,0.9121615
ERR719792,0.0698677,0.010975271,0.00699538,0.91216165
SRR2142227,0.28226292,0.023166806,0.010241419,0.68432885
SRR1693308,0.5910119,0.055402547,0.034142196,0.3194434
SRR5761671,0.069866985,0.010975629,0.00700137,0.912156
ERR719528,0.18954724,0.017761558,0.011398703,0.7812925
ERR321193,0.39300412,0.029787809,0.012645572,0.5645625
ERR209571,0.6320328,0.05815503,0.035317928,0.2744943
SRR1693207,0.14710012,0.033033878,0.27672642,0.5431396
SRR5203399,0.069856465,0.010981917,0.0071112216,0.91205037
SRR6724539,0.6339317,0.058217376,0.034586728,0.27326423
SRR5079061,0.0698677,0.010975271,0.00699535,0.9121617
SRR053014,0.4433834,0.03308603,0.0147084,0.5088222
SRR5796721,0.072595,0.011827618,0.014089823,0.9014876
ERR719682,0.0698674,0.010975659,0.0069996715,0.9121573
SRR6424587,0.09752962,0.12540115,0.7770692,0.0
ERR209902,0.09265056,0.012505531,0.008040696,0.8868032
SRR7507609,0.074453115,0.01147598,0.008508891,0.90556204
SRR495448,0.14898401,0.014851749,0.006489724,0.8296745
SRR1008767,0.6338744,0.058244348,0.034612983,0.27326822
SRR6185267,0.0698677,0.010975271,0.00699538,0.91216165
ERR719138,0.06986764,0.010975331,0.006995946,0.9121611
SRR5602265,0.070298016,0.011099547,0.007830739,0.9107717
SRR6424594,0.08802724,0.11315572,0.74332315,0.05549389
SRR5796745,0.6328247,0.058817595,0.03553006,0.27282763
SRR6724395,0.6339316,0.058217466,0.03459367,0.27325726
SRR5648897,0.07009801,0.011068583,0.007888496,0.91094494
SRR5602205,0.09696257,0.016775638,0.09763229,0.78862953
SRR5610084,0.081540376,0.0139430165,0.08103463,0.823482
SRR5548032,0.63393074,0.05821863,0.034588486,0.27326214
SRR6331024,0.06986764,0.010975391,0.0069962144,0.91216075
SRR5947841,0.36960182,0.027094722,0.013076633,0.5902268
SRR5343200,0.06986767,0.010975331,0.006995529,0.91216147
SRR5079234,0.06986761,0.010975331,0.0069962144,0.9121609
SRR5813326,0.06997427,0.0109885335,0.0070483685,0.91198885
SRR5548608,0.63393223,0.058217168,0.034586698,0.27326393
SRR5343176,0.0698677,0.010975271,0.00699535,0.9121617
SRR6185291,0.06986764,0.010975271,0.0069959164,0.9121612
ERR719647,0.06988624,0.0109784305,0.0070079267,0.9121274
ERR209763,0.63389456,0.058231533,0.03462398,0.27324992
SRR7507682,0.0698677,0.010975271,0.00699535,0.9121617
SRR5610086,0.06984663,0.010985225,0.0071794093,0.91198874
SRR5983289,0.6339306,0.058225513,0.03458813,0.2732557
SRR5078868,0.0698677,0.010975271,0.00699535,0.9121617
SRR5203278,0.06986767,0.010975331,0.0069954693,0.9121615
SRR5602306,0.07279518,0.011416376,0.010432959,0.90535545
SRR1999202,0.0698677,0.010975271,0.00699535,0.9121617
ERR719955,0.0700275,0.011022776,0.0074700415,0.9114797
SRR6264906,0.0698677,0.0109754205,0.0069968402,0.91216004
ERR525965,0.06807104,0.011834204,0.058954388,0.8611404
SRR5548498,0.6310543,0.058282286,0.035058916,0.27560455
SRR1999146,0.06986767,0.010975271,0.0069957674,0.9121613
SRR5758009,0.104957655,0.13486584,0.7601765,0.0
SRR6724513,0.632759,0.060691237,0.035411924,0.27113783
SRR6330998,0.06986207,0.010978311,0.0070496798,0.91211
ERR719912,0.06986767,0.010975331,0.006995499,0.91216147
ERR525884,0.069862366,0.010983467,0.0071189106,0.9120352
ERR209384,0.07005456,0.01102829,0.007486522,0.9114306
SRR5602142,0.06988877,0.010977417,0.006999284,0.9121345
SRR7507503,0.069853604,0.010982066,0.007119566,0.91204476
SRR5649084,0.06990725,0.011027664,0.007672608,0.91139245
SRR5648860,0.06989062,0.011015445,0.0075446665,0.91154927
SRR5947864,0.632539,0.05884233,0.035767883,0.27285075
SRR1765985,0.0701468,0.01100269,0.0071297586,0.91172075
SRR6265591,0.6246232,0.057468712,0.035045654,0.28286242
SRR5078880,0.06985223,0.01101011,0.007546127,0.91159153
SRR5079154,0.069794774,0.011008531,0.0076313913,0.9115653
SRR5757835,0.14126313,0.060716778,0.4985642,0.29945588
SRR5343047,0.0698677,0.010975271,0.00699535,0.9121617
ERR720166,0.06986591,0.010976583,0.0070180893,0.9121394
SRR961801,0.07547119,0.011979103,0.014276028,0.8982737
ERR719686,0.0698674,0.0109755695,0.0069989264,0.91215813
SRR6928749,0.0699625,0.011093646,0.008706689,0.9102372
ERR209680,0.6338595,0.058274686,0.03464648,0.27321935
SRR6264384,0.0698677,0.010975271,0.00699535,0.9121617
SRR1766092,0.07064873,0.011107594,0.007979721,0.91026396
SRR6901835,0.06986514,0.010989487,0.0071878135,0.91195756
SRR1008700,0.63393223,0.058217138,0.034586698,0.27326393
SRR6928806,0.0698677,0.010975271,0.00699535,0.9121617
SRR961806,0.59460646,0.06415075,0.16051066,0.18073213
ERR526065,0.069845915,0.010985136,0.0071796775,0.9119893
SRR5548528,0.6338858,0.05827701,0.034624755,0.27321243
SRR961693,0.070457935,0.011084288,0.007773876,0.9106839
ERR209832,0.0698677,0.010975271,0.00699535,0.9121617
SRR5079107,0.06986764,0.010975331,0.0069959164,0.9121611
SRR5429368,0.21826842,0.59173185,0.18999976,0.0
ERR719473,0.06987497,0.010980815,0.0070266426,0.9121176
SRR5711559,0.63392544,0.05822006,0.03458956,0.273265
SRR5629091,0.6321254,0.059112728,0.054809064,0.25395286
ERR720045,0.06986511,0.010978192,0.0070441067,0.9121126
SRR6264072,0.22583398,0.017686248,0.0060546696,0.7504251
SRR5651453,0.62906694,0.057918847,0.03393811,0.2790761
SRR961853,0.0698677,0.010975271,0.00699535,0.9121617
ERR719505,0.0871394,0.012088358,0.007862866,0.8929094
SRR6724518,0.6300095,0.06008181,0.038873583,0.2710352
ERR209247,0.07216242,0.011273384,0.008354753,0.90820944
SRR5649060,0.0967876,0.013256907,0.009495765,0.8804597
ERR525939,0.068338096,0.011897862,0.061817884,0.85794616
SRR6185238,0.6102249,0.05495444,0.03298047,0.3018402
SRR5343118,0.0698677,0.010975271,0.0069953203,0.9121617
SRR1693362,0.6322625,0.059356987,0.03625059,0.2721299
ERR720080,0.07000393,0.011006534,0.007174015,0.9118155
SRR6265527,0.0698677,0.010975271,0.00699535,0.9121617
SRR5429365,0.0698677,0.010975271,0.00699535,0.9121617
ERR719882,0.07003963,0.011030942,0.007618308,0.91131115
SRR5429340,0.5122868,0.3871044,0.055489033,0.045119762
SRR6265687,0.0698677,0.010975271,0.00699538,0.91216165
SRR5078905,0.0698677,0.010975271,0.00699535,0.9121617
SRR5983390,0.6337011,0.058480263,0.034800977,0.27301764
SRR6331298,0.62760687,0.057576746,0.034703672,0.28011268
SRR6424743,0.08802715,0.11315557,0.7433225,0.055494785
SRR6424593,0.09835989,0.12646608,0.77517396,0.0
ERR209674,0.15173775,0.015993,0.010831982,0.82143724
SRR6474244,0.07003713,0.010989547,0.0070011914,0.91197217
SRR5343037,0.0698677,0.010975271,0.00699535,0.9121617
SRR5650029,0.2873745,0.021966875,0.008670986,0.68198764
SRR5813467,0.10190722,0.013200313,0.01030907,0.87458336
SRR5202899,0.0698677,0.010975271,0.00699535,0.9121617
SRR064855,0.63393176,0.058217317,0.034586817,0.27326417
ERR209394,0.06987023,0.01098761,0.0071448386,0.9119973
SRR5548969,0.6323283,0.059841424,0.03556162,0.2722687
SRR5648955,0.07011902,0.011081696,0.007890761,0.9109085
ERR209866,0.23676938,0.018737346,0.0074249506,0.7370683
SRR6182475,0.588701,0.18545088,0.043836206,0.18201184
SRR5202935,0.0698677,0.010975271,0.00699535,0.9121617
SRR5578937,0.06986761,0.010975331,0.006996095,0.912161
SRR6928763,0.06985402,0.01098147,0.0071104765,0.91205406
SRR6724529,0.62863123,0.057542294,0.034210414,0.279616
SRR5218382,0.6335413,0.058196127,0.034570485,0.27369213
SRR1693267,0.6307188,0.059934974,0.037466288,0.2718799
SRR5399184,0.0698677,0.010975271,0.00699535,0.9121617
SRR5578982,0.0698677,0.010975271,0.00699535,0.9121617
SRR5343074,0.0698677,0.010975271,0.0069953203,0.9121617
SRR5580619,0.0698677,0.010975331,0.00699538,0.9121616
SRR5078766,0.0698677,0.010975271,0.00699535,0.9121617
SRR6182305,0.06986767,0.010975271,0.006995797,0.91216123
SRR6901830,0.23105425,0.023121268,0.0067248344,0.7390996
SRR5761783,0.06987932,0.011016518,0.0075562,0.91154796
SRR5866417,0.0698677,0.010975271,0.00699538,0.91216165
SRR1008729,0.63393223,0.058217138,0.034586698,0.27326393
SRR5548613,0.6223665,0.060079247,0.039090455,0.27846378
SRR5602333,0.06986445,0.01097703,0.0070261955,0.9121323
SRR6264008,0.0698677,0.010975271,0.00699535,0.9121617
SRR6182507,0.0698677,0.010975271,0.0069954395,0.9121616
SRR5648773,0.06995419,0.011003107,0.007157564,0.91188514
SRR5866407,0.0698677,0.010975271,0.00699535,0.9121617
SRR1766053,0.06986517,0.010978013,0.00703761,0.9121192
SRR5343039,0.0698677,0.010975271,0.00699538,0.91216165
SRR6724569,0.6299351,0.06287032,0.036242604,0.270952
SRR5602244,0.0698677,0.010975271,0.00699538,0.91216165
SRR5078650,0.06986767,0.010975331,0.006995529,0.91216147
SRR1693294,0.35889074,0.024857014,0.0076221526,0.60863006
SRR961835,0.108379155,0.10763097,0.7084261,0.07556379
SRR5649040,0.06986764,0.010975331,0.0069959164,0.9121611
SRR7507552,0.0698677,0.010975271,0.00699538,0.91216165
SRR5079180,0.63393223,0.058217138,0.034586698,0.27326393
SRR5761691,0.06986272,0.010978311,0.007047832,0.91211116
ERR719963,0.06989205,0.010994881,0.0072273314,0.91188574
ERR719640,0.069877476,0.010977,0.0070039034,0.9121416
ERR525826,0.15504941,0.024343729,0.16644523,0.65416163
ERR719867,0.06986508,0.010977179,0.007025063,0.9121327
SRR5947872,0.09471074,0.013132095,0.010504752,0.8816524
SRR7507661,0.30066758,0.021984756,0.007885575,0.6694621
SRR5601941,0.069866836,0.010976285,0.0070112646,0.9121456
SRR5796742,0.0698677,0.010975271,0.00699535,0.9121617
SRR5548673,0.6335088,0.058729082,0.035054922,0.27270722
SRR5078994,0.0698677,0.010975271,0.00699538,0.91216165
SRR6724419,0.63325375,0.058793217,0.035090536,0.27286243
SRR6683714,0.0698677,0.010975271,0.00699535,0.9121617
SRR5548599,0.08802715,0.11315557,0.7433225,0.055494785
ERR720101,0.075993985,0.011570424,0.009716272,0.9027193
SRR5650074,0.633273,0.058231294,0.034537226,0.27395844
SRR5396549,0.63391507,0.058248937,0.03461224,0.27322376
SRR6281234,0.0698677,0.010975271,0.00699535,0.9121617
SRR5203105,0.06986755,0.010975361,0.0069966316,0.91216046
SRR5629093,0.6306492,0.060318798,0.037683994,0.271348
SRR5079289,0.06986767,0.010975331,0.006995499,0.91216147
SRR5078709,0.06986722,0.01097545,0.0069991946,0.91215813
SRR7507645,0.07016137,0.011062652,0.007674873,0.9111011
SRR5648965,0.0698677,0.010975271,0.00699535,0.9121617
SRR5429257,0.21820647,0.5918121,0.18998148,0.0
SRR6265357,0.0698677,0.010975271,0.00699535,0.9121617
SRR5761715,0.6339235,0.058226794,0.03460425,0.2732455
ERR719724,0.13200435,0.015022963,0.012353033,0.8406197
ERR525751,0.070280135,0.011069953,0.007623762,0.9110261
SRR5343179,0.0698677,0.010975271,0.00699535,0.9121617
SRR6881393,0.0698677,0.010975271,0.00699535,0.9121617
SRR961737,0.06985921,0.010979205,0.0070670843,0.9120945
SRR5813187,0.07128981,0.0111607015,0.008112311,0.9094372
SRR5818480,0.070070684,0.011037707,0.007612258,0.9112793
SRR5648889,0.0745554,0.01205042,0.015717417,0.89767677
ERR719731,0.16859657,0.017012984,0.013883263,0.8005072
SRR1766060,0.06985977,0.010982096,0.0071074367,0.9120507
SRR5651418,0.18586728,0.017774343,0.012796819,0.7835616
SRR6182467,0.07076725,0.011791557,0.025383502,0.89205766
SRR1009015,0.63393223,0.058217138,0.034586698,0.27326393
SRR5934970,0.62382835,0.058498263,0.038319588,0.2793538
SRR6474212,0.19595534,0.017271966,0.007798761,0.77897394
SRR6928748,0.069867104,0.01097554,0.007000357,0.912157
ERR209260,0.07014418,0.011044264,0.007535994,0.91127557
SRR5078854,0.0698677,0.010975271,0.00699535,0.9121617
ERR719645,0.06988567,0.010978162,0.007005036,0.91213113
SRR6265521,0.0698677,0.010975271,0.00699535,0.9121617
ERR209791,0.5512671,0.047689825,0.027486175,0.37355685
SRR5431497,0.0698677,0.010975271,0.00699535,0.9121617
SRR5983266,0.45643356,0.03742397,0.022934228,0.48320824
SRR5803756,0.06984478,0.010985732,0.0071899295,0.91197956
SRR5078995,0.0698677,0.010975271,0.00699535,0.9121617
ERR719249,0.06988734,0.010984272,0.00710842,0.91201997
ERR719430,0.070046335,0.010991424,0.007070929,0.91189134
ERR525957,0.49420872,0.048425943,0.016406178,0.44095916
SRR6331079,0.069867104,0.01097554,0.007000506,0.9121568
SRR5813353,0.07307541,0.011343926,0.008238792,0.90734184
SRR2142230,0.34800446,0.026781201,0.011484116,0.6137302
SRR6264638,0.070001066,0.010988563,0.0070231855,0.9119872
SRR6331489,0.06986442,0.010979742,0.0070586503,0.9120972
SRR7507537,0.06986672,0.010975748,0.007003665,0.91215384
SRR5610080,0.069826484,0.010997087,0.0073930025,0.91178346
SRR5429319,0.21820968,0.5918085,0.18998177,0.0
ERR720240,0.12420124,0.014297187,0.009850144,0.85165143
ERR719605,0.06988403,0.010988414,0.007133156,0.9119944
SRR6185288,0.06986725,0.010975748,0.007000923,0.9121561
SRR5548446,0.633124,0.060067713,0.03500414,0.27180415
SRR5577164,0.63393223,0.058217138,0.034586698,0.27326393
ERR719646,0.069888294,0.010978222,0.00700444,0.91212904
ERR719750,0.06986815,0.010977954,0.007012725,0.9121412
SRR6876214,0.63351345,0.058359593,0.034968883,0.27315807
SRR6264545,0.0698677,0.010975271,0.00699535,0.9121617
ERR719903,0.06986761,0.010975331,0.0069960356,0.912161
SRR2142201,0.63392544,0.058220804,0.034592837,0.27326095
SRR6265359,0.27532476,0.030610919,0.114290595,0.5797737
SRR1765921,0.58718073,0.05512455,0.04283732,0.31485742
SRR5020874,0.08808398,0.11322889,0.74363244,0.055054665
SRR6724494,0.6314404,0.059948772,0.034976393,0.27363443
SRR5650170,0.6337551,0.05831021,0.034742355,0.27319235
SRR7507520,0.0698677,0.010975271,0.0069954395,0.9121616
SRR5648876,0.0698677,0.010975271,0.00699535,0.9121617
SRR5203406,0.06986767,0.010975331,0.006995529,0.91216147
ERR209223,0.0725494,0.011294693,0.0083706975,0.9077852
SRR5202966,0.0698677,0.010975271,0.00699535,0.9121617
ERR209543,0.62817675,0.061836988,0.17212054,0.13786566
SRR1023449,0.0698677,0.010975271,0.00699535,0.9121617
SRR5399179,0.0698677,0.010975271,0.00699535,0.9121617
ERR209905,0.06993407,0.010985315,0.0070791245,0.9120015
ERR720129,0.06986368,0.010980219,0.0070661604,0.91208994
SRR5649050,0.0698677,0.010975271,0.00699535,0.9121617
ERR1809119,0.06986371,0.010977596,0.0070362687,0.9121224
SRR5651420,0.06996897,0.010986209,0.007047981,0.91199684
SRR6331373,0.06986621,0.010976136,0.0070091784,0.9121485
SRR5203312,0.33984607,0.02258727,0.0064997673,0.6310669
SRR7507339,0.06986758,0.010975331,0.006996304,0.91216075
SRR5579010,0.102449745,0.09083003,0.66863,0.13809025
SRR6185250,0.06986767,0.010975271,0.0069955885,0.91216147
SRR5813269,0.069865644,0.010982454,0.0071023703,0.91204953
SRR5548046,0.63393223,0.058217138,0.034586698,0.27326393
ERR209749,0.4052427,0.035666883,0.034514546,0.5245758
ERR209806,0.63393223,0.058217138,0.034586698,0.27326393
SRR7507660,0.06986761,0.010975331,0.006996125,0.91216093
ERR719100,0.06986788,0.010980278,0.0070527196,0.9120991
SRR6474276,0.0699065,0.010989249,0.0071028173,0.91200143
SRR6331206,0.08336052,0.012404501,0.009953111,0.89428186
SRR5399524,0.0698677,0.010975271,0.00699535,0.9121617
SRR5579005,0.06985617,0.010980457,0.007092297,0.9120711
ERR209601,0.6338977,0.05823028,0.034631252,0.27324075
SRR5429265,0.21820647,0.5918121,0.18998148,0.0
SRR6331270,0.069628656,0.011649191,0.02764842,0.8910737
SRR5758140,0.11243576,0.14427732,0.7432869,0.0
SRR5431371,0.069865376,0.010976344,0.0070146024,0.9121437
ERR209201,0.06986666,0.010983914,0.0071024895,0.9120469
SRR1765911,0.06986728,0.01097548,0.006999284,0.91215795
SRR5399191,0.0698677,0.010975271,0.00699535,0.9121617
ERR209491,0.13485631,0.014916092,0.009593666,0.8406339
ERR525915,0.07004696,0.01099506,0.007129431,0.9118285
SRR6474221,0.14831287,0.014994293,0.0073730946,0.8293197
SRR5813191,0.07017434,0.011040419,0.007604778,0.9111805
SRR7423246,0.077552855,0.0116072595,0.008214653,0.9026252
SRR6724558,0.6339321,0.058217138,0.034586787,0.27326393
SRR5947843,0.63392913,0.058218807,0.03459099,0.27326107
SRR5649116,0.0698677,0.010975271,0.00699538,0.91216165
SRR1687174,0.62703264,0.058053404,0.038571477,0.2763425
ERR719059,0.07310861,0.011346847,0.008736342,0.9068082
SRR5202999,0.06987101,0.010976285,0.0070033967,0.9121493
ERR719311,0.07035345,0.011144221,0.00898084,0.90952146
SRR5650081,0.6339913,0.05897349,0.034704477,0.27233076
ERR525863,0.070132166,0.011029214,0.0073954463,0.9114432
SRR5078781,0.069867104,0.01097548,0.007000327,0.91215706
ERR719890,0.070069134,0.0110295415,0.007562548,0.9113388
SRR5399629,0.06996542,0.011001438,0.0070251822,0.9120079
SRR5548693,0.6339176,0.058228463,0.034600317,0.27325362
SRR5203232,0.06986764,0.010975271,0.0069958568,0.91216123
SRR5813268,0.069868654,0.010979801,0.0070436895,0.9121078
SRR5202840,0.06986579,0.0109761655,0.0070122182,0.91214585
SRR7507368,0.0698677,0.010975271,0.00699535,0.9121617
ERR209177,0.071522355,0.011176914,0.0081552565,0.9091455
SRR6264197,0.06985596,0.010988206,0.007204324,0.91195154
ERR525821,0.0698677,0.010975271,0.00699535,0.9121617
SRR5649017,0.06986767,0.010975331,0.006995499,0.91216147
SRR5548374,0.6339258,0.05822146,0.03459528,0.2732575
SRR5649085,0.0698677,0.010975271,0.0069953203,0.9121617
SRR5813292,0.06986493,0.010977894,0.0070349574,0.91212225
SRR6185244,0.0698677,0.010975271,0.00699538,0.91216165
SRR7507680,0.60190266,0.061636686,0.030191302,0.30626935
SRR5202910,0.11828157,0.013977319,0.008223921,0.8595172
SRR6182476,0.0698677,0.010975271,0.00699535,0.9121617
SRR5602036,0.06986767,0.010975331,0.0069954097,0.9121616
SRR5203003,0.06986725,0.01097545,0.0069990456,0.91215825
SRR5203287,0.0698677,0.010975271,0.00699535,0.9121617
SRR6330976,0.0698677,0.010975271,0.00699535,0.9121617
ERR719948,0.06994596,0.011007667,0.007343501,0.9117029
SRR5602042,0.0698677,0.010975271,0.00699538,0.91216165
ERR209512,0.07024419,0.01105693,0.007354796,0.91134405
SRR5579051,0.07111317,0.012329698,0.0658102,0.8507469
SRR6264944,0.0698677,0.010975271,0.00699535,0.9121617
SRR5078760,0.0698677,0.010975271,0.00699535,0.9121617
SRR5428907,0.2182099,0.5918074,0.18998265,0.0
SRR6265278,0.06986767,0.010975331,0.006995499,0.91216147
SRR5020904,0.1594708,0.049504906,0.43358752,0.35743678
SRR5343158,0.0698677,0.010975271,0.00699538,0.91216165
SRR7082902,0.0687283,0.011510044,0.02722603,0.8925356
SRR1687068,0.070058525,0.011005878,0.007057786,0.9118778
SRR5218300,0.23646122,0.5745623,0.18897648,0.0
ERR321450,0.069903165,0.011010349,0.0074662566,0.91162026
ERR720113,0.07568979,0.011549473,0.009699732,0.90306103
ERR1637180,0.06986728,0.0109755695,0.0069997907,0.91215736
ERR209759,0.57887274,0.054190785,0.04272127,0.32421517
SRR1766081,0.06986162,0.010986626,0.007169664,0.91198206
SRR7008106,0.06986788,0.01098001,0.0070427656,0.9121094
SRR5803677,0.06986761,0.010975331,0.0069962144,0.9121609
SRR5203193,0.06986767,0.010975331,0.006995529,0.91216147
ERR321076,0.07032916,0.011061072,0.0077628493,0.91084695
ERR719852,0.06986529,0.010977268,0.007024735,0.91213274
SRR6474240,0.07005265,0.011038482,0.00749287,0.911416
SRR5796799,0.63101226,0.06072271,0.03489399,0.27337104
SRR6928780,0.06986755,0.010975361,0.0069966614,0.9121604
SRR5757788,0.14159143,0.082874,0.5994283,0.17610627
SRR6901819,0.6339338,0.058246136,0.03459084,0.27322924
SRR935806,0.07009944,0.011013329,0.007222146,0.9116651
ERR209469,0.070171386,0.011021286,0.0072907805,0.91151655
SRR5548100,0.6133252,0.07069975,0.0630475,0.25292754
SRR6901837,0.0698612,0.0109781325,0.0070494115,0.9121113
SRR6265180,0.0698677,0.010975271,0.00699535,0.9121617
SRR6264980,0.06986269,0.010979742,0.0070638955,0.91209364
SRR5803765,0.111419916,0.086655796,0.6464134,0.1555109
SRR6724534,0.62903595,0.062032938,0.03578484,0.27314627
SRR6264057,0.0698677,0.010975271,0.00699535,0.9121617
ERR209511,0.07009283,0.011030138,0.0072452724,0.91163176
SRR7082891,0.06986764,0.010975271,0.0069958568,0.91216123
SRR5602343,0.16509995,0.028247774,0.20670563,0.5999466
SRR1766069,0.07160267,0.011161894,0.007447809,0.90978765
SRR5548349,0.63279104,0.058426946,0.035434633,0.27334738
ERR719999,0.06986734,0.010979503,0.0070414245,0.91211176
SRR5757826,0.09545773,0.10070646,0.70364463,0.100191176
SRR5602201,0.06986624,0.010975897,0.0070075095,0.9121504
SRR1159399,0.06986767,0.010975331,0.0069956183,0.91216135
SRR6942396,0.06993353,0.011012584,0.00737226,0.91168165
ERR525775,0.06991911,0.010985792,0.007091224,0.9120039
ERR719934,0.069922626,0.011005253,0.007255256,0.91181684
SRR5866440,0.53747004,0.043958485,0.022693127,0.39587831
SRR5796716,0.06986642,0.010976046,0.0070084035,0.91214913
SRR5548983,0.6328117,0.059105664,0.035408676,0.2726739
SRR6474243,0.3078373,0.022005916,0.008562535,0.6615943
ERR525890,0.19885215,0.01887387,0.011816084,0.77045786
SRR5579041,0.07226464,0.011116773,0.0069684386,0.90965015
SRR5866473,0.06986445,0.010976702,0.0070224702,0.9121364
ERR209503,0.07344067,0.011257201,0.0077165067,0.9075856
SRR7423242,0.33424878,0.026410788,0.006983876,0.6323565
SRR5078610,0.0698677,0.010975271,0.00699535,0.9121617
SRR5203190,0.06986305,0.010977417,0.007035047,0.9121245
ERR720093,0.07001063,0.011007994,0.0071819425,0.91179943
ERR321368,0.07133138,0.011207402,0.008838713,0.9086225
SRR5757961,0.15964699,0.025886685,0.21280771,0.6016586
SRR1690276,0.629761,0.06047058,0.038096786,0.27167165
SRR5866514,0.28462303,0.020704567,0.0077209175,0.6869515
ERR525838,0.0698677,0.010975271,0.00699535,0.9121617
SRR5648920,0.0698677,0.010975271,0.00699535,0.9121617
SRR6474307,0.3328346,0.02313447,0.007437736,0.6365932
ERR321233,0.069867104,0.010975748,0.007003188,0.91215396
SRR7507504,0.069924116,0.011002064,0.00722906,0.91184473
SRR5079005,0.0698677,0.010975271,0.00699535,0.9121617
SRR5548554,0.63392913,0.05821824,0.034591228,0.27326143
SRR6264750,0.06986767,0.010975271,0.0069957376,0.91216135
SRR6724542,0.62227005,0.05701819,0.034472227,0.2862395
SRR5796729,0.15867803,0.034713417,0.3019549,0.5046537
SRR5802403,0.0698677,0.010975271,0.00699535,0.9121617
SRR5757884,0.06986344,0.010977328,0.007033527,0.9121257
SRR5763469,0.63245374,0.058431864,0.035120875,0.2739935
SRR6331086,0.0698677,0.010975271,0.00699535,0.9121617
SRR5202907,0.069867164,0.01097554,0.0069998503,0.9121574
SRR6928747,0.07029563,0.011154383,0.0090614855,0.9094885
ERR525994,0.6271763,0.06270164,0.25645182,0.053670287
ERR719451,0.069927365,0.010980368,0.007016897,0.9120754
SRR5343113,0.06986749,0.0109754205,0.0069967806,0.9121603
SRR1763681,0.6296394,0.059659302,0.036779016,0.27392232
SRR1931177,0.07017496,0.011007428,0.0071569383,0.9116607
SRR5601986,0.6338534,0.058278143,0.034668386,0.2732001
SRR3313060,0.6337214,0.05819884,0.034678638,0.27340108
ERR525843,0.06986636,0.010975927,0.0070065856,0.9121511
SRR5579042,0.069888204,0.0109859705,0.007045895,0.91207993
ERR525766,0.39907172,0.12806502,0.033543944,0.4393193
SRR5602193,0.06986654,0.010975838,0.007005155,0.91215247
ERR209843,0.19906577,0.018640727,0.009709358,0.77258414
ERR209873,0.63027215,0.05796632,0.034802854,0.27695864
SRR5602305,0.06985903,0.01097995,0.0070783496,0.9120827
SRR5802286,0.06992465,0.011003554,0.007242501,0.9118293
SRR5601931,0.06986752,0.010975361,0.0069972575,0.91215986
SRR5203036,0.06986728,0.010975391,0.006998867,0.9121585
SRR5757867,0.08809975,0.113034576,0.7429847,0.055880964
SRR5796741,0.06986296,0.010977685,0.0070382655,0.91212106
SRR7507309,0.06986767,0.010975331,0.006995529,0.91216147
SRR5648804,0.0698677,0.010975271,0.00699535,0.9121617
SRR5343087,0.0698677,0.010975271,0.00699538,0.91216165
SRR5431543,0.63393223,0.058217138,0.034586698,0.27326393
SRR6331180,0.0698677,0.010975271,0.00699535,0.9121617
SRR5649207,0.0699397,0.011015385,0.0070652366,0.9119797
SRR6264407,0.21820647,0.5918121,0.18998148,0.0
SRR5637718,0.06985709,0.010980099,0.00708434,0.9120785
SRR5983303,0.59727645,0.054691255,0.034940362,0.31309193
SRR5757924,0.08820623,0.11338398,0.74428064,0.054129124
SRR6264472,0.6294166,0.058972895,0.036813706,0.27479684
SRR5602220,0.069952995,0.011015266,0.007344693,0.911687
SRR961722,0.06994307,0.011004388,0.007292837,0.91175973
ERR525930,0.06800634,0.01186654,0.06351286,0.85661423
SRR6263969,0.0698674,0.010975361,0.0069977045,0.91215956
SRR5648994,0.06987822,0.010982007,0.007030666,0.91210914
SRR1686982,0.6263965,0.058529258,0.041206628,0.2738676
SRR6424588,0.09812428,0.12616408,0.7757116,0.0
SRR7507420,0.0698677,0.010975271,0.00699535,0.9121617
ERR719137,0.06986761,0.010975331,0.0069960356,0.912161
ERR209460,0.06989184,0.01098904,0.007140398,0.9119787
SRR5203223,0.06974676,0.011059046,0.008559942,0.9106343
SRR5078583,0.0698677,0.010975271,0.00699535,0.9121617
ERR720136,0.069862545,0.010979027,0.0070596337,0.91209877
SRR6265586,0.06985107,0.010983139,0.0071388185,0.912027
SRR5711555,0.21903038,0.5917684,0.18920122,0.0
SRR6928775,0.0698677,0.010975271,0.00699538,0.91216165
SRR5903341,0.06989646,0.010989964,0.007120967,0.9119926
ERR719027,0.08626193,0.012478888,0.012221545,0.8890376
SRR6182483,0.06986573,0.0109761655,0.007011831,0.9121463
SRR5602195,0.069848865,0.011132836,0.009628892,0.9093894
SRR5343067,0.0698677,0.010975271,0.00699535,0.9121617
ERR525971,0.14508161,0.014936119,0.007750094,0.8322322
SRR5578915,0.06986752,0.0109754205,0.0069969594,0.9121601
SRR6265128,0.0698677,0.010975271,0.00699535,0.9121617
SRR5757955,0.10711263,0.1375891,0.75529826,0.0
SRR5429332,0.22010936,0.58974963,0.19014102,0.0
SRR5548072,0.63393,0.05821857,0.034588695,0.27326274
SRR5651409,0.6308296,0.059687436,0.037475914,0.2720071
SRR1766008,0.06988442,0.010980427,0.0070358217,0.91209936
ERR525978,0.0698677,0.010975271,0.00699538,0.91216165
SRR5761651,0.57980025,0.04924068,0.030198365,0.3407607
SRR2914176,0.0698677,0.010975271,0.0069954395,0.9121616
SRR7507298,0.07042599,0.0110709965,0.0071755648,0.9113275
SRR5813332,0.06986752,0.01097554,0.00699836,0.9121586
SRR6182360,0.63281304,0.05808142,0.034378797,0.27472675
SRR5649157,0.2118184,0.018439949,0.008295834,0.7614458
SRR5934937,0.34874937,0.027411342,0.013428599,0.6104107
SRR5757799,0.10071507,0.12936723,0.76991767,0.0
SRR5079174,0.06986752,0.010975301,0.006997019,0.91216016
SRR5866507,0.0699496,0.010986924,0.007072389,0.9119911
SRR5813261,0.06986761,0.010975391,0.006996751,0.9121603
ERR525958,0.4915793,0.15285015,0.030669242,0.32490134
SRR5637745,0.068450004,0.011645794,0.037839115,0.88206506
SRR5580513,0.069857836,0.010982543,0.0071174502,0.91204214
ERR526046,0.1486159,0.016087204,0.028315693,0.8069812
ERR719348,0.06989157,0.011018008,0.0075951815,0.9114952
SRR6185246,0.28048462,0.02136591,0.008804381,0.6893451
SRR5802345,0.06986573,0.0109761655,0.0070120394,0.9121461
SRR090269,0.6339322,0.05821711,0.034586966,0.27326375
SRR5602133,0.10973841,0.016362906,0.0077936053,0.8661051
SRR5079135,0.0698584,0.010979503,0.007073134,0.912089
SRR3400466,0.14125723,0.014476031,0.006452292,0.83781445
SRR5091476,0.06986505,0.010977089,0.00702402,0.9121338
SRR961741,0.29004407,0.019899428,0.005841434,0.68421507
SRR5637788,0.06986651,0.010975778,0.0070052743,0.9121524
SRR5813248,0.070191085,0.01102078,0.007197678,0.91159046
SRR090275,0.63392484,0.058216482,0.034587145,0.27327156
ERR719071,0.0698528,0.010982662,0.0071297884,0.91203475
ERR209417,0.0698677,0.010975331,0.00699538,0.9121616
SRR5091453,0.07152957,0.011120677,0.007459402,0.90989035
SRR5399194,0.0698677,0.010975271,0.00699535,0.9121617
SRR5203303,0.06986496,0.010976583,0.0070189536,0.91213953
ERR209285,0.06986591,0.010978311,0.0070407093,0.9121151
SRR5399634,0.07740939,0.012986332,0.02754414,0.88206017
ERR695628,0.5933277,0.052707344,0.030791432,0.32317352
SRR6901822,0.47039333,0.036482304,0.014940798,0.47818357
SRR6450950,0.63301355,0.05846584,0.034975857,0.2735448
SRR5580456,0.06979576,0.01102525,0.007890344,0.9112886
SRR6264915,0.06998637,0.011061788,0.008023292,0.91092855
ERR209253,0.06987396,0.010988057,0.0071537793,0.9119842
SRR5983335,0.06987569,0.010979325,0.007021159,0.9121238
SRR5648768,0.06986633,0.0109915435,0.0072210133,0.91192114
SRR7507695,0.069888175,0.010999829,0.0073056817,0.91180634
SRR5429261,0.2227941,0.58682036,0.19038554,0.0
SRR5431539,0.0698677,0.010975271,0.00699535,0.9121617
ERR209299,0.06993562,0.011014074,0.007473439,0.91157687
SRR5580646,0.06969595,0.011312246,0.01425305,0.9047388
SRR5548904,0.63393223,0.058217138,0.034586698,0.27326393
ERR011272,0.28606528,0.020529985,0.0068852007,0.6865195
ERR209735,0.1452409,0.01581648,0.011549532,0.82739305
SRR5629154,0.06986761,0.010975331,0.006996274,0.91216075
SRR5548635,0.0698677,0.010975271,0.00699535,0.9121617
ERR209570,0.63089395,0.05794862,0.035004586,0.27615285
SRR6265633,0.0698677,0.010975271,0.00699535,0.9121617
SRR5934939,0.06968531,0.011092246,0.009315401,0.90990704
SRR5649045,0.06986761,0.010975331,0.0069961846,0.9121609
SRR051707,0.52482563,0.040964067,0.018573016,0.41563725
SRR1693208,0.5597088,0.046913028,0.026151747,0.36722648
SRR5399221,0.0698677,0.010975271,0.00699535,0.9121617
SRR5758014,0.61961925,0.057657212,0.04848796,0.27423555
SRR6264119,0.06986594,0.010976076,0.0070099235,0.91214806
ERR719098,0.07027617,0.0110272765,0.00731954,0.911377
SRR5609988,0.06986636,0.0109758675,0.0070067346,0.91215104
SRR6331054,0.0698677,0.010975271,0.00699538,0.91216165
SRR5813379,0.07084471,0.011049628,0.0071507394,0.91095495
SRR5343172,0.0698677,0.010975271,0.0069953203,0.9121617
SRR5343121,0.0698677,0.010975271,0.00699535,0.9121617
SRR2914160,0.0698677,0.010975271,0.00699535,0.9121617
SRR5079033,0.0698677,0.010975271,0.00699535,0.9121617
ERR526055,0.06986752,0.0109754205,0.006997019,0.91216004
SRR6264792,0.0698677,0.010975271,0.00699535,0.9121617
SRR5078957,0.06986734,0.01097551,0.0069984496,0.9121587
ERR526005,0.06986678,0.010975748,0.007003218,0.91215426
SRR5601995,0.0698677,0.010975271,0.00699535,0.9121617
SRR5711552,0.6339067,0.058229476,0.034612596,0.27325124
SRR6264743,0.06985253,0.010982275,0.007124841,0.91204035
ERR209132,0.07013595,0.011023998,0.0073859394,0.9114541
ERR1823598,0.06984815,0.011022776,0.0077599883,0.9113691
DRR092047,0.06986767,0.010975271,0.006995678,0.91216135
SRR5648970,0.08063635,0.012025088,0.010192424,0.8971461
SRR5203040,0.06985557,0.01098147,0.0071076155,0.9120554
SRR6928791,0.06986451,0.010976881,0.0070239007,0.9121347
SRR6182391,0.06967148,0.011065394,0.008849353,0.91041374
SRR051747,0.06987062,0.010989755,0.007189125,0.91195047
SRR5602182,0.06986329,0.010977894,0.0070409477,0.91211784
SRR5813307,0.06986019,0.0109787285,0.0070578754,0.9121032
ERR525728,0.06848866,0.011940569,0.06416759,0.8554032
SRR5803711,0.07463673,0.012794048,0.06082937,0.8517399
SRR7507416,0.069867104,0.010975599,0.00700137,0.9121559
SRR5078952,0.0698677,0.010975271,0.00699535,0.9121617
SRR5629152,0.06987661,0.010986149,0.007137209,0.91200006
SRR5609983,0.075835705,0.012340307,0.025851786,0.8859722
SRR5610074,0.06986657,0.0109758675,0.0070054233,0.9121522
SRR6264608,0.06986785,0.010975808,0.0069981813,0.91215813
ERR719271,0.07882184,0.0116434395,0.008469552,0.9010652
SRR3313050,0.28098005,0.020691454,0.007588327,0.69074017
SRR6331478,0.06986755,0.010975301,0.006996751,0.9121604
SRR6724472,0.07017258,0.011029661,0.0075291097,0.91126865
SRR5203290,0.0698677,0.010975271,0.00699535,0.9121617
SRR7507521,0.069867164,0.01097554,0.0069998503,0.9121574
SRR1930187,0.06986767,0.010975331,0.006995529,0.91216147
SRR6724439,0.63393223,0.058217138,0.034586698,0.27326393
SRR5079288,0.0698677,0.010975271,0.00699535,0.9121617
SRR5203031,0.06935117,0.011213601,0.012962371,0.90647286
SRR5399507,0.0698677,0.010975271,0.00699535,0.9121617
SRR6331393,0.07553771,0.011591166,0.009202272,0.9036689
SRR5983360,0.4535057,0.03435132,0.014766604,0.49737638
SRR5757994,0.07127029,0.011602789,0.01695028,0.90017664
ERR1637179,0.0698677,0.010975271,0.00699535,0.9121617
SRR6264872,0.06986767,0.010975331,0.0069955587,0.91216147
SRR5757850,0.14381063,0.021720558,0.11883718,0.7156316
ERR719179,0.070610285,0.011090547,0.007724941,0.9105742
ERR525886,0.6338806,0.05836582,0.034652144,0.27310145
SRR5650050,0.0711526,0.011143446,0.007880032,0.9098239
SRR5602155,0.0698677,0.010975271,0.0069954395,0.9121616
ERR718999,0.069865346,0.010977149,0.007023245,0.9121343
SRR6928765,0.06986317,0.010977715,0.0070388317,0.9121203
SRR6182416,0.06986529,0.010976374,0.0070154965,0.9121429
SRR5079165,0.07181671,0.011998743,0.0071145296,0.90907
SRR6264775,0.0698677,0.010975271,0.00699535,0.9121617
SRR6185217,0.069866866,0.010978311,0.007027149,0.9121277
SRR7507342,0.06986755,0.010975301,0.0069965124,0.91216063
SRR5580558,0.06987506,0.010984182,0.007092327,0.91204846
ERR720066,0.0698652,0.010976911,0.0070222616,0.9121356
SRR5078739,0.0698677,0.010975271,0.00699535,0.9121617
SRR5757998,0.39679354,0.041235775,0.06062129,0.5013494
SRR5802270,0.06985903,0.010980308,0.0070824623,0.9120782
SRR5757783,0.109663144,0.14080039,0.74953645,0.0
SRR5203186,0.06986767,0.010975271,0.0069957674,0.9121613
SRR6265675,0.09828167,0.12634113,0.7753772,0.0
ERR719316,0.069933206,0.011027485,0.0076994,0.9113399
SRR5711588,0.07948676,0.012068182,0.013206989,0.89523804
SRR5429211,0.4790952,0.4281964,0.0535329,0.03917551
SRR5761673,0.0698677,0.010975271,0.00699535,0.9121617
SRR1687456,0.63203007,0.059505284,0.03563422,0.27283043
SRR5078667,0.0698677,0.010975271,0.00699538,0.91216165
SRR5983395,0.632717,0.05869326,0.03546211,0.27312756
SRR1766048,0.07035655,0.011126578,0.008278191,0.9102387
ERR209339,0.071149915,0.011065483,0.007158786,0.9106258
SRR5399203,0.0698677,0.010975271,0.00699535,0.9121617
SRR5648883,0.06985685,0.010993928,0.0072787404,0.9118705
SRR5637796,0.0698677,0.010975271,0.00699535,0.9121617
SRR6936025,0.069871515,0.010976762,0.0070008636,0.91215086
SRR5757921,0.10749406,0.1380701,0.75443584,0.0
SRR5649098,0.0698677,0.010975271,0.00699535,0.9121617
SRR5813409,0.06986886,0.010976255,0.0070075095,0.9121474
SRR5758002,0.12148946,0.15553023,0.7229803,0.0
ERR720176,0.069865614,0.010976315,0.0070147812,0.9121433
SRR5601923,0.06984636,0.010990769,0.007258117,0.91190475
SRR6182533,0.06986767,0.010975331,0.0069954693,0.9121615
SRR5218338,0.63393223,0.058217138,0.034586698,0.27326393
SRR5091546,0.07515907,0.011596501,0.009528697,0.9037157
SRR5078788,0.0698677,0.010975271,0.00699535,0.9121617
SRR961787,0.069982916,0.011024833,0.007564336,0.9114279
ERR720085,0.07001427,0.011008114,0.0071828663,0.9117948
SRR053031,0.069987506,0.010991305,0.007123083,0.91189814
SRR7008032,0.06989613,0.010992259,0.007066995,0.91204464
ERR209768,0.6339322,0.058217138,0.034586698,0.27326405
SRR7507639,0.069853276,0.010981858,0.0071169734,0.91204786
ERR321176,0.07061279,0.011125177,0.008293241,0.9099688
SRR6474285,0.11410436,0.013478816,0.007914752,0.8645021
SRR1185479,0.06804046,0.011849374,0.061059803,0.8590504
SRR5079134,0.06985876,0.010979325,0.007070482,0.91209143
SRR053018,0.07883558,0.013457358,0.06680694,0.8409001
SRR6264069,0.0698677,0.010975271,0.00699535,0.9121617
ERR525892,0.06982213,0.010996044,0.0073862076,0.9117956
ERR719512,0.08186418,0.011779159,0.007828116,0.8985286
SRR6330984,0.07023308,0.011215359,0.010138452,0.9084131
ERR719836,0.06988773,0.010994226,0.0071796775,0.91193837
ERR719318,0.07007587,0.011079103,0.008316189,0.91052884
SRR5079122,0.06986761,0.010975331,0.006996006,0.91216105
SRR5610037,0.069867104,0.0109755695,0.0070005655,0.91215676
SRR5218354,0.6339291,0.05821812,0.034593046,0.27325976
SRR6264218,0.06860274,0.01185739,0.053645104,0.8658948
SRR5983344,0.5372166,0.044562876,0.02435413,0.39386642
SRR3313038,0.1479764,0.0147640705,0.006474048,0.8307855
SRR6264158,0.0698677,0.010975271,0.00699535,0.9121617
SRR6724448,0.07121885,0.011155933,0.007851601,0.9097736
ERR011341,0.07115668,0.01107493,0.007235706,0.9105327
ERR719342,0.06987339,0.0110102,0.0075039268,0.9116125
SRR5813178,0.074070424,0.011229664,0.007034093,0.90766585
SRR5399500,0.0698677,0.010975271,0.00699535,0.9121617
ERR526058,0.0698677,0.010975271,0.00699535,0.9121617
ERR011226,0.07094884,0.011105031,0.0076341927,0.91031194
ERR209869,0.40742105,0.029836863,0.011684954,0.5510571
SRR5203285,0.0698677,0.010975271,0.00699535,0.9121617
SRR5983434,0.63258123,0.05910802,0.035710722,0.27260005
SRR6683701,0.0698677,0.010975271,0.00699535,0.9121617
ERR525803,0.06805903,0.01184088,0.05984959,0.8602505
SRR5983366,0.071246356,0.011158437,0.0079034865,0.9096917
ERR720011,0.06986436,0.010977715,0.0070341527,0.9121238
SRR5758032,0.08976668,0.11303657,0.7439288,0.053267956
SRR5637794,0.0698677,0.010975271,0.00699535,0.9121617
ERR719784,0.0698677,0.010975271,0.0069954395,0.9121616
SRR5203096,0.06986654,0.0109758675,0.007005781,0.9121518
SRR5649096,0.07055953,0.011128128,0.008029908,0.91028243
SRR5580608,0.072215825,0.011316359,0.009655535,0.9068123
SRR5757891,0.09123501,0.10831815,0.7292426,0.071204185
SRR1689253,0.63284457,0.058697283,0.03570527,0.27275288
SRR5343027,0.0698677,0.010975271,0.00699538,0.91216165
SRR7507393,0.06986767,0.010975331,0.0069954097,0.9121616
SRR6330903,0.06986755,0.010975361,0.006996542,0.9121605
SRR6182337,0.071192324,0.011095732,0.00728029,0.9104316
SRR5649052,0.07002264,0.011053473,0.0076939464,0.91122997
SRR5218351,0.615631,0.058626324,0.04334578,0.2823969
SRR5203283,0.06985432,0.010981858,0.0071156025,0.9120482
ERR719516,0.070282996,0.011188358,0.0098263025,0.9087024
ERR209292,0.07051623,0.011058331,0.007566333,0.9108591
SRR6424776,0.11288564,0.1448401,0.7422743,0.0
SRR6264423,0.26738334,0.02119565,0.009595275,0.70182574
SRR6724450,0.63217604,0.061122358,0.035944313,0.27075732
SRR5078574,0.0698677,0.010975271,0.00699535,0.9121617
SRR5649126,0.06986767,0.010975331,0.006995529,0.91216147
SRR5763462,0.5648657,0.048143,0.027062446,0.35992885
ERR525909,0.06986761,0.010975331,0.0069960654,0.912161
SRR5813352,0.06986937,0.010979116,0.0070354342,0.91211605
SRR5813475,0.07213631,0.011189759,0.008000702,0.9086732
SRR6264280,0.0698677,0.010975271,0.00699535,0.9121617
SRR5637801,0.06800634,0.01186654,0.06351286,0.85661423
SRR5796817,0.63393223,0.058217138,0.034586698,0.27326393
SRR5651424,0.20270729,0.017746776,0.008959055,0.77058685
ERR321161,0.0700227,0.01099962,0.0071888864,0.9117888
ERR719936,0.06992042,0.011005044,0.007257372,0.9118172
SRR5602068,0.15240347,0.01796186,0.03455481,0.7950798
ERR720010,0.069862396,0.010980964,0.007081479,0.91207516
SRR5813464,0.070139885,0.011031866,0.0073876977,0.91144055
SRR6182512,0.069865614,0.010976493,0.0070157647,0.91214216
ERR210097,0.07674882,0.01165244,0.009825379,0.90177333
SRR6264260,0.17990226,0.01673752,0.0063378513,0.79702234
SRR7507350,0.06986767,0.010975271,0.0069957674,0.9121613
SRR6264585,0.069672436,0.011064559,0.008831292,0.91043174
SRR5580578,0.06986657,0.010975897,0.0070058405,0.9121517
SRR6724433,0.6339303,0.058217257,0.03458929,0.2732631
SRR5637728,0.0698677,0.010975271,0.00699535,0.9121617
SRR1763689,0.5347128,0.044778705,0.022558987,0.39794952
SRR5650186,0.63375294,0.05834517,0.03475833,0.27314353
ERR525937,0.0698677,0.010975271,0.00699538,0.91216165
SRR7507482,0.0730851,0.011748493,0.010482103,0.9046843
ERR209753,0.19096881,0.016641855,0.006473571,0.78591573
SRR5866536,0.06986624,0.010981172,0.00706923,0.9120834
SRR5218322,0.6339071,0.0582197,0.034621,0.27325225
ERR719335,0.06989899,0.011019856,0.0076133907,0.9114678
SRR5343157,0.0698677,0.010975271,0.00699535,0.9121617
ERR209169,0.070640594,0.011128515,0.008309096,0.90992177
SRR5866396,0.15615505,0.049682796,0.43830124,0.35586095
SRR5203243,0.06986329,0.010977387,0.0070339143,0.9121254
ERR719286,0.06986749,0.01097545,0.0069975555,0.9121595
SRR5218389,0.096221656,0.013325661,0.010906786,0.8795459
SRR5091537,0.47819382,0.038090497,0.018595189,0.46512043
ERR525778,0.19235289,0.04645136,0.27454597,0.48664975
SRR5802240,0.07898468,0.011778444,0.009770989,0.8994659
SRR5429217,0.23431627,0.57282245,0.19286127,0.0
SRR5757791,0.11033716,0.14164695,0.7480158,0.0
ERR719651,0.06988478,0.010977864,0.0070048273,0.9121325
SRR6424726,0.11098192,0.14245595,0.7465621,0.0
SRR3160442,0.069862664,0.0109784305,0.0070486665,0.9121102
SRR6942384,0.15012491,0.015238941,0.0074754655,0.8271607
SRR5983330,0.49311727,0.041915625,0.026287913,0.43867922
SRR6265197,0.0698677,0.010975271,0.00699538,0.91216165
SRR5079133,0.0698677,0.010975271,0.00699535,0.9121617
ERR209783,0.63393223,0.058217138,0.034586698,0.27326393
SRR5091474,0.538623,0.045330584,0.02547729,0.39056915
ERR718998,0.06986618,0.010976136,0.0070096552,0.912148
ERR526060,0.3827346,0.027964056,0.012350291,0.576951
SRR7507336,0.070852846,0.0111448765,0.0077558756,0.9102464
SRR5429147,0.21820647,0.5918121,0.18998148,0.0
SRR5549037,0.63388026,0.05826935,0.034647465,0.2732029
SRR2914199,0.06986177,0.0109779835,0.007045001,0.9121152
SRR6928789,0.0698677,0.010975271,0.00699535,0.9121617
SRR5601957,0.06987083,0.0109779835,0.0070071816,0.912144
ERR209845,0.10020915,0.012732476,0.0077694356,0.8792889
SRR1687058,0.59498066,0.052204937,0.029791832,0.3230226
SRR2914253,0.0698677,0.010975271,0.00699538,0.91216165
SRR7690067,0.069866866,0.010975659,0.007002443,0.91215503
SRR7507388,0.06988156,0.010986984,0.007073909,0.9120575
SRR6881387,0.06800634,0.01186654,0.06351286,0.85661423
SRR6185198,0.069867164,0.01097706,0.007017821,0.912138
SRR5602100,0.06986764,0.010975271,0.006995827,0.91216123
SRR5983282,0.07623413,0.011506557,0.0083191395,0.9039402
ERR719925,0.069894195,0.010984778,0.0070708394,0.9120502
SRR5803774,0.095965415,0.01668629,0.097067595,0.7902807
SRR961716,0.62591636,0.060961574,0.037804186,0.27531785
SRR961848,0.069915056,0.010986924,0.0071196854,0.91197836
SRR5649048,0.06986678,0.010975838,0.007004261,0.9121531
SRR5757880,0.06986287,0.010977417,0.0070357025,0.91212404
SRR5610016,0.06985444,0.010987759,0.007195443,0.9119624
SRR5399216,0.06800634,0.01186654,0.06351286,0.85661423
ERR719983,0.06986728,0.010980606,0.0070559382,0.91209614
SRR5983367,0.62644273,0.058543533,0.06572363,0.24929011
SRR5580476,0.06984916,0.010993481,0.007291347,0.911866
SRR7507379,0.06986678,0.0109760165,0.007006079,0.9121511
ERR720082,0.069995284,0.011005729,0.0071754754,0.9118235
SRR5548157,0.63393223,0.058217138,0.034586698,0.27326393
SRR6264613,0.06986529,0.0109782815,0.0070382357,0.9121182
ERR321651,0.06986719,0.010975659,0.007000953,0.9121562
ERR525947,0.6271508,0.06269628,0.2564218,0.053731143
ERR209742,0.33870405,0.025238276,0.010836959,0.6252207
SRR5650116,0.06986636,0.010975957,0.0070077777,0.9121499
SRR6424591,0.07002884,0.0110756755,0.008309811,0.91058564
ERR719221,0.070557654,0.011130333,0.008439511,0.90987253
SRR5601932,0.06986678,0.010975748,0.0070036054,0.91215384
ERR321630,0.069866955,0.0109755695,0.007001668,0.9121558
SRR6182510,0.06987685,0.010976613,0.007006943,0.9121396
SRR5548112,0.63293296,0.059368044,0.03545153,0.27224743
SRR6185220,0.069867015,0.0109755695,0.0070008636,0.9121566
SRR6928746,0.0698677,0.010975271,0.00699535,0.9121617
ERR525782,0.068964094,0.012013525,0.064814866,0.8542075
SRR5602203,0.0698677,0.010975271,0.00699535,0.9121617
SRR5431508,0.0698677,0.010975271,0.00699535,0.9121617
SRR6724454,0.068223804,0.011798561,0.053161114,0.8668165
SRR1008713,0.63393223,0.058217138,0.034586698,0.27326393
SRR5651417,0.54027736,0.047608197,0.044076115,0.3680383
SRR5803688,0.07282451,0.011310309,0.008324921,0.90754026
ERR720117,0.082713276,0.011992037,0.009781569,0.8955131
SRR6330878,0.06986198,0.0109782815,0.0070483685,0.9121114
SRR6264543,0.32897562,0.024335265,0.005934477,0.64075464
SRR5580404,0.069873035,0.011016935,0.007626742,0.9114833
SRR5580499,0.0698677,0.010975271,0.0069953203,0.9121617
SRR5637733,0.06986758,0.010975838,0.0069980323,0.91215855
SRR5548662,0.63342774,0.05843416,0.03503427,0.27310383
SRR5203410,0.06986767,0.010975271,0.0069957674,0.9121613
SRR6265655,0.06986767,0.010975331,0.006995529,0.91216147
ERR719907,0.06986761,0.010975331,0.006996125,0.91216093
SRR5649145,0.069942385,0.011038274,0.007058352,0.91196096
SRR5203323,0.06985965,0.0109811425,0.007092893,0.91206634
SRR5429228,0.21820776,0.5918104,0.18998186,0.0
SRR6928761,0.069857836,0.0109811425,0.007097751,0.91206324
ERR525885,0.0698677,0.010975271,0.00699535,0.9121617
ERR719259,0.06987876,0.010989338,0.007155746,0.91197616
SRR5203101,0.0698677,0.010975271,0.00699538,0.91216165
SRR5866337,0.0698677,0.010975271,0.00699538,0.91216165
ERR209413,0.071027786,0.011286199,0.009852767,0.9078332
ERR720060,0.06986529,0.010976672,0.007018894,0.9121392
SRR6450981,0.6338657,0.05829075,0.034643114,0.27320045
SRR5578968,0.06986377,0.010977685,0.0070385933,0.91212
SRR5580640,0.0698643,0.010982066,0.0070938766,0.9120598
SRR6265619,0.0698677,0.010975271,0.00699535,0.9121617
ERR719634,0.07000691,0.010985374,0.007010579,0.91199714
SRR6264812,0.069866955,0.010976732,0.007019669,0.9121367
ERR525872,0.07294473,0.011222273,0.007836938,0.90799606
SRR5866287,0.07039413,0.011050373,0.0075185597,0.91103697
SRR5079181,0.0698677,0.010975271,0.00699535,0.9121617
SRR5813223,0.07314241,0.011356801,0.008541077,0.9069597
SRR6265090,0.0698677,0.010975271,0.00699538,0.91216165
SRR2175762,0.06993246,0.011018783,0.007466376,0.91158235
SRR5429298,0.21820647,0.5918121,0.18998148,0.0
SRR5651478,0.070045024,0.010997027,0.0070008934,0.911957
SRR5343137,0.0698677,0.010975271,0.00699535,0.9121617
SRR5580501,0.07031074,0.01107043,0.007906616,0.91071224
SRR5548444,0.6330323,0.05982265,0.03504938,0.27209562
SRR5548952,0.633913,0.05827865,0.034623176,0.27318525
SRR5650077,0.6307373,0.059581578,0.036903292,0.2727778
SRR6264987,0.0698677,0.010975271,0.00699535,0.9121617
SRR6724367,0.63393223,0.05821711,0.034586728,0.27326393
SRR1766007,0.63356316,0.058187872,0.034619868,0.27362913
SRR5650130,0.20740333,0.018065423,0.009545356,0.7649859
SRR5802287,0.06973001,0.0110452175,0.008364648,0.9108601
SRR6264328,0.26147446,0.028469354,0.091816515,0.61823964
SRR6724398,0.62693393,0.057578325,0.03543657,0.28005117
SRR5796791,0.069942,0.011020362,0.007401854,0.91163576
SRR6264583,0.53590614,0.06019166,0.19865665,0.2052455
SRR5580441,0.15730253,0.030250967,0.25360852,0.558838
ERR719034,0.100168616,0.0133880675,0.01298812,0.87345517
SRR5649011,0.069986284,0.011018306,0.007365316,0.9116301
SRR5291034,0.06986764,0.010975271,0.0069958568,0.91216123
SRR6265184,0.06986734,0.0109755695,0.0069990456,0.912158
SRR5580468,0.07096335,0.011455715,0.014235765,0.90334517
SRR5803649,0.069866896,0.010975659,0.0070022643,0.91215515
ERR719003,0.06983945,0.010996431,0.007355213,0.9118089
ERR719876,0.069865465,0.010976374,0.007015735,0.9121424
SRR5761683,0.068021506,0.011860251,0.06255534,0.8575629
SRR2914180,0.0698677,0.010975271,0.0069953203,0.9121617
SRR961857,0.0698677,0.010975271,0.00699535,0.9121617
ERR209458,0.07020447,0.01101315,0.007113546,0.91166884
ERR525785,0.5551712,0.04790309,0.02993691,0.36698878
SRR5078723,0.06991416,0.01102522,0.007744938,0.9113157
SRR5651457,0.59312725,0.05250728,0.03015536,0.3242101
SRR5399196,0.0698677,0.010975271,0.00699535,0.9121617
ERR719968,0.06990415,0.010997891,0.0072593093,0.91183865
SRR5079235,0.0698677,0.010975271,0.00699535,0.9121617
ERR719231,0.070254266,0.011075258,0.007973909,0.91069657
ERR719628,0.06990218,0.010978401,0.00700441,0.912115
SRR5757894,0.08802715,0.11315557,0.7433225,0.055494785
ERR719765,0.075095326,0.011460751,0.008446991,0.90499693
ERR719276,0.07764107,0.011587173,0.008628368,0.90214336
SRR5078703,0.5563794,0.04578799,0.024086177,0.37374645
SRR7082885,0.0698677,0.010975271,0.0069953203,0.9121617
SRR5548399,0.5012561,0.038974643,0.017850071,0.4419192
ERR719333,0.06988016,0.0110144615,0.007561803,0.9115436
ERR209722,0.25207096,0.01912108,0.0066446066,0.7221633
SRR5495959,0.1087647,0.13966946,0.7515659,0.0
SRR068079,0.06986761,0.010975331,0.006996125,0.91216093
SRR6264636,0.069847524,0.010985374,0.0071790814,0.911988
ERR719994,0.06986645,0.0109785795,0.0070335567,0.9121214
SRR5377209,0.06986591,0.0109846,0.0071183145,0.9120312
SRR5803613,0.06986603,0.0109761655,0.007010758,0.91214705
ERR209220,0.07488176,0.011599809,0.009981483,0.9035369
SRR6264503,0.06986749,0.0109754205,0.006997198,0.9121599
SRR5602131,0.069861025,0.0109785795,0.0070550144,0.9121054
SRR5601985,0.1302853,0.014861107,0.012060106,0.84279346
SRR5078595,0.06986755,0.010975361,0.006996602,0.9121605
SRR2914203,0.0698677,0.010975271,0.00699535,0.9121617
SRR7507569,0.070513785,0.011138052,0.007978171,0.91037
SRR5813210,0.5564231,0.04736656,0.030350387,0.36585993
SRR5343204,0.0698677,0.010975271,0.00699535,0.9121617
ERR321444,0.091656566,0.012792736,0.010511279,0.88503945
SRR5548294,0.633799,0.05830282,0.034743726,0.27315444
SRR6281240,0.06895754,0.011907667,0.0537529,0.8653819
SRR5983269,0.6245025,0.057249486,0.036349088,0.28189898
SRR5396516,0.623072,0.057235867,0.03470415,0.284988
ERR720003,0.06986731,0.010980517,0.0070546865,0.91209745
SRR5429202,0.21820815,0.59181005,0.1899818,0.0
SRR5866405,0.0698677,0.010975271,0.00699535,0.9121617
SRR6182393,0.06986725,0.010975391,0.0069986284,0.9121587
SRR5802331,0.08157277,0.011894107,0.008914977,0.8976182
ERR525798,0.06850007,0.011942297,0.06418306,0.8553746
SRR5610110,0.07023525,0.01106149,0.007544309,0.9111589
SRR5813244,0.08500001,0.011916131,0.0075386167,0.89554524
SRR5610045,0.069859624,0.010979176,0.007065326,0.9120959
SRR5648798,0.0698677,0.010975271,0.00699535,0.9121617
SRR5983291,0.51911986,0.04173878,0.022509307,0.41663206
SRR5758080,0.0693143,0.011325419,0.016301066,0.90305924
SRR5078694,0.0698677,0.010975271,0.00699535,0.9121617
SRR5091475,0.6337507,0.05828318,0.03594628,0.27201986
SRR5580519,0.06986299,0.01098603,0.0071513057,0.9119997
DRR092102,0.06987953,0.010992765,0.0071428716,0.9119848
SRR961753,0.06997201,0.0109963715,0.007194221,0.9118374
ERR719956,0.069892496,0.010995388,0.0072336197,0.91187847
ERR209286,0.0698674,0.010975301,0.0069976747,0.9121596
ERR011249,0.07060343,0.011036396,0.007207215,0.91115296
