,root:Diseases:Digestive System Diseases:Gastrointestinal Diseases:Intestinal Diseases:Colonic diseases,root:Diseases:Digestive System Diseases:Gastrointestinal Diseases:Intestinal Diseases:Inflammatory Bowel Diseases,root:Infections:Bacterial Infections and Mycoses:Bacterial Infections:Gram-Positive Bacterial Infections:Clostridium Infections,Unknown
SRR5650076,0.033599198,0.33235425,0.014976889,0.6190697
SRR6265329,0.00630033,0.026257038,0.011600584,0.955842
SRR1687067,0.16256696,0.036773294,0.008430392,0.79222935
SRR6264562,0.0118739605,0.026309073,0.009717405,0.95209956
SRR5813185,0.025577605,0.13749596,0.013841271,0.8230852
SRR5202972,0.0049393177,0.075713396,0.83556247,0.08378482
SRR5649070,0.043518722,0.047095507,0.011417508,0.8979683
SRR7507531,0.0064433813,0.02628544,0.011538357,0.9557328
SRR6265219,0.006456405,0.026347637,0.011600316,0.9555956
SRR5202933,0.017239481,0.026657075,0.00896737,0.94713604
SRR5091485,0.07304421,0.05782625,0.009462029,0.85966754
ERR720197,0.008019686,0.027001977,0.011461496,0.95351684
ERR209427,0.004306555,0.056337237,0.041096807,0.8982594
SRR5078601,0.0062757432,0.026257128,0.011613518,0.9558536
SRR5813274,0.004143834,0.6324233,0.010600537,0.35283232
ERR719000,0.016748637,0.027861208,0.009885043,0.94550514
ERR209880,0.01620105,0.56878155,0.005187154,0.4098302
SRR5629106,0.07243928,0.04090631,0.008841366,0.87781304
ERR526014,0.008535206,0.04616925,0.012604535,0.932691
SRR5399367,0.0070010424,0.026562303,0.011521667,0.954915
SRR1763557,0.44221783,0.049767762,0.010942757,0.49707162
SRR6474259,0.026155889,0.081432045,0.010740876,0.8816712
SRR6264858,0.011750221,0.12842089,0.42687368,0.4329552
SRR6264264,0.0095748305,0.029009193,0.013866395,0.9475496
SRR5934944,0.12227973,0.3904777,0.009315133,0.47792745
SRR5429315,0.009605736,0.040896982,0.01454708,0.93495023
ERR321249,0.011520356,0.13301045,0.15443367,0.7010355
SRR6182332,0.010934085,0.026352823,0.009982556,0.95273054
SRR5343106,0.023043096,0.028336585,0.009336054,0.93928427
SRR5079117,0.018079996,0.026711881,0.0088382065,0.9463699
ERR1823594,0.0112499595,0.4128064,0.0028850734,0.5730586
ERR719559,0.00887391,0.03403437,0.01912126,0.93797046
SRR5802258,0.006283015,0.026262611,0.011613578,0.9558408
SRR5648786,0.0118070245,0.029066592,0.011005908,0.9481205
ERR209095,0.0065843165,0.029032946,0.011834204,0.9525485
SRR5802268,0.0066820085,0.032611102,0.01045844,0.9502485
SRR7507497,0.030962646,0.037623852,0.008364379,0.9230491
SRR1009071,0.08977328,0.7774139,0.13281281,0.0
SRR5078860,0.00627771,0.026258826,0.011614054,0.9558494
SRR6265085,0.0028710067,0.120089054,0.1431449,0.73389506
ERR720148,0.013472348,0.03556606,0.009553015,0.9414086
SRR5761732,0.0053592324,0.074432224,0.059450537,0.860758
SRR5078588,0.045233816,0.40846026,0.03199169,0.51431423
SRR5650145,0.022413373,0.5066659,0.003419757,0.46750098
SRR6265034,0.05544257,0.030254692,0.00822866,0.90607405
SRR5983426,0.017335594,0.12268153,0.11770955,0.74227333
ERR525691,0.0062968135,0.026272446,0.01161617,0.9558146
SRR1927149,0.013569742,0.026711285,0.009645462,0.9500735
SRR5549036,0.003968805,0.7722019,0.13255176,0.09127748
SRR5757970,0.011012644,0.18215084,0.56759286,0.23924363
ERR209314,0.014861524,0.30708367,0.0048769712,0.67317784
SRR5580493,0.016215295,0.09349546,0.095033824,0.7952554
SRR5813332,0.009148061,0.027144194,0.011157453,0.9525503
SRR5813178,0.00604555,0.5331274,0.00818646,0.45264053
ERR209182,0.017506182,0.1373792,0.008259326,0.8368553
SRR6182292,0.0074925125,0.028745592,0.010895371,0.95286655
ERR719498,0.012014538,0.05194834,0.018308163,0.91772896
SRR5757899,0.004945129,0.07563111,0.8352741,0.08414966
ERR209088,0.015625894,0.027516335,0.0098391175,0.9470186
SRR5761737,0.0062770247,0.026257962,0.011613637,0.9558514
SRR6331061,0.0054838955,0.03587705,0.023247778,0.9353913
ERR720095,0.010813147,0.03178847,0.014439732,0.94295865
SRR5399246,0.010806769,0.027180433,0.010664344,0.9513484
SRR5079127,0.006275147,0.02641353,0.011584371,0.955727
SRR5650170,0.011983901,0.7854469,0.035190225,0.16737902
ERR209217,0.0077551305,0.031568587,0.012485445,0.9481908
SRR5601927,0.03851831,0.27822107,0.058210045,0.62505054
SRR6330878,0.008221269,0.02763009,0.01174584,0.95240283
SRR5578945,0.0059456527,0.4397749,0.002878189,0.55140126
SRR5651446,0.03283575,0.34126788,0.0075496733,0.6183467
SRR6724436,0.035595417,0.46399656,0.028758228,0.47164977
SRR5396522,0.009630948,0.069695026,0.07960743,0.8410666
SRR5648881,0.08419457,0.2511829,0.28617376,0.37844872
SRR6474222,0.015342802,0.030059308,0.009318501,0.94527936
SRR5365467,0.005191654,0.062344372,0.06379303,0.86867094
SRR6724452,0.005604923,0.0459885,0.043228596,0.90517795
SRR5761676,0.006234944,0.03881377,0.009833604,0.9451177
SRR5813438,0.0062668324,0.11362055,0.019374281,0.86073834
SRR1765944,0.03763649,0.038919866,0.010014027,0.9134296
SRR5761748,0.0047602654,0.06328586,0.18082428,0.7511296
SRR7464960,0.0049393177,0.075713396,0.83556247,0.08378482
SRR5651440,0.0123845935,0.029002279,0.011890233,0.94672287
SRR6265458,0.016887993,0.02992177,0.011256218,0.941934
SRR6724583,0.0068415105,0.026711524,0.011735022,0.9547119
SRR7507569,0.11674613,0.044481367,0.0072768033,0.8314957
SRR6474269,0.019448638,0.35435382,0.009265035,0.6169325
ERR719075,0.013629317,0.029269516,0.010809988,0.9462912
SRR7507396,0.02605474,0.43524736,0.002867043,0.53583086
SRR5343099,0.02330345,0.026954144,0.008406013,0.9413364
ERR011271,0.0059038103,0.063352436,0.031778067,0.8989657
ERR719671,0.009073645,0.026647985,0.010737747,0.9535406
SRR5802350,0.006201476,0.38473618,0.0031716228,0.60589075
SRR5602035,0.02914384,0.17088589,0.049298584,0.7506717
ERR1809133,0.012193531,0.037588954,0.02113396,0.9290836
ERR525889,0.005501598,0.07176113,0.015384257,0.90735304
SRR5020881,0.09505263,0.044722915,0.010058939,0.8501655
SRR5203283,0.041282088,0.031044364,0.0095896125,0.9180839
SRR5813354,0.0062757432,0.026257664,0.011613786,0.9558528
SRR6474243,0.036067873,0.274975,0.015039682,0.6739174
SRR5761720,0.0062764585,0.026257098,0.011613011,0.95585346
SRR6928813,0.01915145,0.028252691,0.009699732,0.9428961
SRR2142208,0.026907504,0.5809613,0.23861024,0.15352094
SRR5399194,0.0063188374,0.02629143,0.011621594,0.9557681
SRR5803624,0.114245325,0.03414613,0.009307176,0.84230137
SRR5947870,0.049697846,0.6028476,0.00927037,0.33818418
ERR719031,0.008470207,0.14873683,0.066278845,0.7765141
SRR5813179,0.010029286,0.46517986,0.0045001507,0.52029073
ERR720017,0.0118153095,0.03053239,0.010626614,0.94702566
SRR5650162,0.0065667033,0.4642167,0.0040642917,0.5251523
SRR6251516,0.0059372485,0.06412524,0.019434154,0.9105034
SRR6265039,0.0061407983,0.02753976,0.012570947,0.95374846
SRR5548643,0.16879934,0.68116397,0.010369629,0.13966703
ERR719864,0.022590429,0.029700607,0.009264022,0.938445
SRR7690042,0.2742358,0.052799612,0.02929449,0.6436701
SRR5548651,0.0087941885,0.32469493,0.09482181,0.57168907
SRR5020876,0.05534032,0.030539036,0.008509159,0.9056115
SRR5758129,0.016612142,0.31846416,0.07638565,0.58853805
ERR719178,0.020457894,0.05769235,0.019425005,0.90242475
ERR011150,0.008952379,0.027705073,0.011493802,0.95184875
SRR5866359,0.008196294,0.0383389,0.014525622,0.9389392
SRR5602036,0.013652861,0.027105361,0.009851217,0.94939053
ERR719029,0.007708937,0.13373184,0.063120216,0.795439
SRR5429072,0.019258171,0.40598655,0.020691305,0.554064
SRR5761712,0.020508468,0.15112156,0.013065934,0.81530404
SRR6265293,0.030848682,0.089018434,0.031169444,0.84896344
SRR6724380,0.078220576,0.028885365,0.0067552626,0.8861388
SRR5758125,0.00493896,0.075721025,0.8355173,0.08382273
SRR6474301,0.045524955,0.042420715,0.008259445,0.9037949
SRR5580410,0.013817042,0.05076611,0.03140834,0.9040085
SRR5495956,0.022668928,0.34288153,0.18128115,0.4531684
SRR5202884,0.007773757,0.029899657,0.012548715,0.94977784
SRR6264071,0.0072112083,0.026669621,0.011520386,0.9545988
ERR634981,0.0058285296,0.04090959,0.02138254,0.93187934
SRR5758111,0.0059123635,0.10202739,0.4235317,0.4685285
SRR5903360,0.014182568,0.028861195,0.010146409,0.9468098
SRR2175767,0.014417678,0.04569632,0.011702716,0.9281833
SRR5947858,0.03108725,0.36090922,0.14959916,0.45840436
SRR5761746,0.018543094,0.028335065,0.009651631,0.94347024
SRR5549005,0.07248819,0.48304424,0.008421332,0.43604624
SRR5803758,0.016649902,0.03564751,0.010997504,0.9367051
ERR719606,0.02406028,0.031066746,0.0105445385,0.93432844
SRR6265233,0.016955465,0.04644549,0.015842348,0.9207567
SRR5711562,0.13520074,0.033789217,0.0073809624,0.8236291
ERR209319,0.047061086,0.15583178,0.009716541,0.7873906
ERR526084,0.005886674,0.44076663,0.0030069053,0.5503398
SRR961843,0.014196932,0.029471964,0.009972513,0.94635856
SRR5343028,0.021147907,0.026901424,0.0086116195,0.94333905
SRR6264844,0.0037251115,0.07770908,0.077570856,0.84099495
SRR5548524,0.0040152073,0.6415511,0.012454301,0.34197938
ERR209362,0.011456162,0.032593608,0.011517048,0.9444332
ERR525801,0.01495868,0.293678,0.033007503,0.65835583
SRR2142193,0.0071083307,0.35744512,0.003305018,0.63214153
SRR5648864,0.008381575,0.039817423,0.032565653,0.91923535
ERR720077,0.010731459,0.03181228,0.014519125,0.94293714
ERR720128,0.010129869,0.030916274,0.014866322,0.9440875
ERR719452,0.012520611,0.0278292,0.010596961,0.9490532
ERR209829,0.027934402,0.26542932,0.004554659,0.7020816
SRR5651409,0.049096763,0.75563717,0.025961071,0.16930497
SRR6185165,0.006518483,0.03839287,0.010625631,0.944463
SRR1999165,0.020065844,0.027543336,0.009172738,0.9432181
ERR209360,0.011481017,0.031829596,0.011383206,0.9453062
ERR209740,0.0047550797,0.50226855,0.0068363845,0.48614
SRR5802384,0.008549064,0.027351499,0.012033224,0.9520662
SRR5602060,0.031906933,0.034366846,0.012592852,0.9211334
SRR6474248,0.0026875734,0.672991,0.056100756,0.26822066
SRR6424587,0.0049393177,0.075713396,0.83556247,0.08378482
SRR5079213,0.0049393177,0.075713426,0.83556217,0.08378506
SRR6264279,0.00627625,0.026258826,0.011614472,0.9558505
SRR5202973,0.047080636,0.029595226,0.008327991,0.91499615
ERR525700,0.049113035,0.6215285,0.09588921,0.23346925
ERR719218,0.013855249,0.048223704,0.028523177,0.90939784
SRR5983404,0.040250927,0.60228616,0.058729798,0.29873312
SRR2673279,0.017768204,0.03505513,0.010995001,0.93618166
SRR1930138,0.0043161213,0.07657993,0.10941535,0.80968857
ERR719263,0.011317134,0.04683438,0.013366997,0.92848146
SRR5078567,0.0062832236,0.026263803,0.011615217,0.9558377
SRR6182347,0.014028668,0.030042201,0.011261493,0.94466764
SRR5548203,0.002868563,0.7730522,0.03505826,0.18902099
SRR5813190,0.01450181,0.19188872,0.0075733364,0.78603613
SRR7507688,0.010508627,0.02664435,0.010152191,0.95269483
SRR5548620,0.0026864111,0.6896524,0.054328114,0.2533331
ERR011143,0.021804333,0.050444275,0.0075962543,0.92015517
SRR1689535,0.071648926,0.26445776,0.005652547,0.6582408
SRR5203133,0.008984119,0.026264638,0.010490298,0.95426095
SRR5803794,0.006789148,0.113649905,0.019759059,0.8598019
SRR5079265,0.0062817037,0.026267052,0.011616945,0.95583427
SRR5203237,0.0061963797,0.026967049,0.012138307,0.95469826
ERR719999,0.009110928,0.03780204,0.011947572,0.94113946
SRR5431529,0.006275773,0.026257098,0.011613518,0.9558536
SRR051688,0.09764475,0.03729996,0.011582464,0.8534728
SRR2175771,0.016627997,0.37146577,0.13707194,0.47483432
SRR7507673,0.012684941,0.026736945,0.009854674,0.9507234
SRR961846,0.012859613,0.028030813,0.010555267,0.9485543
ERR525936,0.021948546,0.46179,0.008929968,0.5073315
SRR5580556,0.01064828,0.05002275,0.032443225,0.90688574
SRR6724477,0.10152963,0.042580336,0.0072370768,0.84865296
SRR7507616,0.013394535,0.029264301,0.010018021,0.94732314
SRR1693255,0.4140219,0.11189982,0.010220528,0.46385777
SRR5218312,0.040849477,0.026151836,0.006706238,0.9262924
SRR5763459,0.027899146,0.060272515,0.0140147805,0.89781356
ERR720112,0.009593099,0.0745717,0.030253083,0.8855821
SRR5203205,0.027229637,0.027782142,0.008512855,0.9364754
SRR5091615,0.008287132,0.28931516,0.0143968165,0.6880009
SRR5650157,0.005950004,0.43127906,0.002920121,0.5598508
SRR6264521,0.015021145,0.04485765,0.026456684,0.9136645
SRR6265282,0.007034749,0.029761195,0.014496952,0.9487071
SRR5866588,0.039153874,0.026879847,0.007184595,0.92678165
SRR5577147,0.12326288,0.03478861,0.0075662434,0.8343823
SRR5580413,0.009178102,0.03441727,0.021948904,0.93445575
SRR6264135,0.0074506104,0.026790291,0.011441499,0.95431757
SRR5813447,0.007638514,0.027667612,0.0125235915,0.95217025
SRR5758052,0.013228774,0.016370684,0.16412947,0.8062711
SRR6264432,0.006275654,0.026325703,0.011600673,0.955798
SRR6264651,0.006299883,0.026274115,0.011615962,0.95581007
SRR7464883,0.009548366,0.042505562,0.01482448,0.93312156
SRR5579018,0.019703984,0.063428074,0.013991177,0.90287673
SRR5651442,0.013305813,0.030257761,0.012379378,0.94405705
SRR5431390,0.011719078,0.028221995,0.011000186,0.9490588
SRR5578979,0.010708153,0.15952694,0.004905939,0.82485896
SRR5648953,0.048984617,0.037363946,0.0077974796,0.905854
SRR5758057,0.020208776,0.030134529,0.010932744,0.9387239
ERR719373,0.009513706,0.035637587,0.020540714,0.934308
SRR5813428,0.007591307,0.0287745,0.011865199,0.951769
SRR5580461,0.0082368255,0.09311074,0.21514323,0.68350923
SRR6264163,0.0065943003,0.027660817,0.013335973,0.9524089
SRR5343114,0.05082196,0.029914558,0.0077697933,0.91149366
SRR6331393,0.018013626,0.051029682,0.009920746,0.92103595
ERR209169,0.011012375,0.072371006,0.026579022,0.8900376
SRR5757847,0.004939139,0.07571599,0.83553255,0.083812356
ERR719589,0.014408082,0.056037605,0.019267261,0.910287
SRR5934931,0.0822207,0.06354594,0.0070757866,0.8471576
SRR5549070,0.021991462,0.046645015,0.019492298,0.9118712
SRR5399516,0.006276697,0.026257932,0.011613727,0.9558517
SRR5947829,0.017738879,0.07923743,0.024600089,0.8784236
SRR6251469,0.006014675,0.30978125,0.0036282241,0.68057585
SRR5757966,0.004701674,0.07940215,0.7910818,0.12481439
SRR6724527,0.0062763393,0.02625513,0.0116221905,0.9558463
SRR1009062,0.08650625,0.82492626,0.07998693,0.008580565
SRR5758058,0.028692126,0.035750538,0.026551098,0.90900624
SRR6264304,0.0063838065,0.026256144,0.011556357,0.9558037
SRR5203113,0.009393483,0.056593627,0.01374203,0.92027086
SRR6265371,0.06613949,0.031856,0.008382589,0.8936219
SRR5757929,0.021841317,0.16948184,0.018689066,0.7899878
SRR5399513,0.00628677,0.026266843,0.011616319,0.9558301
SRR6724470,0.0062789023,0.026255846,0.011690587,0.95577466
SRR6265317,0.005869776,0.030403018,0.015024453,0.94870275
SRR5602145,0.042345166,0.050668,0.072084844,0.834902
ERR720003,0.00931868,0.03571388,0.012029707,0.94293773
SRR6724535,0.019201875,0.032776803,0.0105392635,0.93748206
ERR321550,0.010595858,0.10049158,0.014170021,0.8747425
SRR5648855,0.0062766075,0.026258647,0.011614233,0.9558505
ERR719764,0.016611308,0.044878393,0.011845291,0.926665
SRR6928793,0.012184203,0.055165023,0.07460162,0.85804915
SRR5431501,0.006275773,0.026257098,0.011613518,0.9558536
SRR5602141,0.021349847,0.038579106,0.023826301,0.91624475
ERR719885,0.013021767,0.059036463,0.016192168,0.9117496
ERR719473,0.011767715,0.058993965,0.014979184,0.91425914
SRR6251452,0.054314435,0.13716233,0.0069970787,0.8015262
SRR5548656,0.00269714,0.6999849,0.05436054,0.24295747
SRR5202992,0.014422178,0.02652675,0.009346098,0.949705
ERR209171,0.008841574,0.04657969,0.014660805,0.92991793
SRR5091469,0.010779172,0.07383117,0.048931897,0.86645776
SRR5203045,0.008319408,0.026982397,0.01132533,0.95337284
ERR209085,0.016332299,0.02749005,0.009695947,0.9464817
ERR209373,0.023459136,0.11465275,0.025898665,0.8359895
SRR5758001,0.0049393177,0.075713396,0.83556247,0.08378482
SRR6265466,0.020136654,0.034576535,0.012644798,0.932642
SRR5761713,0.16216558,0.2558898,0.019623399,0.5623212
SRR5429165,0.0055968165,0.037858754,0.017866284,0.93867815
SRR6264689,0.0067299306,0.02656886,0.011631489,0.9550697
SRR5866427,0.010010719,0.20436391,0.010690719,0.77493465
SRR064887,0.0039444566,0.8077974,0.04672274,0.1415354
SRR6185231,0.0062927604,0.04378611,0.010035485,0.9398856
SRR5813224,0.009972841,0.029914439,0.011003822,0.9491089
SRR5649084,0.049702525,0.03955999,0.00798133,0.90275615
ERR209867,0.0125082135,0.6127788,0.008717775,0.36599523
ERR209826,0.021735191,0.54223853,0.004336059,0.43169022
SRR6928761,0.01643613,0.3242982,0.01195395,0.6473117
SRR6265626,0.048214167,0.62497973,0.026250273,0.30055583
ERR719544,0.017066985,0.05211535,0.026428014,0.9043896
SRR5429342,0.047543436,0.029468358,0.008344948,0.9146433
SRR5079038,0.0049443245,0.051853657,0.032126904,0.9110751
SRR1765928,0.00630489,0.026280552,0.011614114,0.9558004
SRR5548405,0.0063135624,0.026275277,0.011609882,0.95580125
SRR6264841,0.007804066,0.026724905,0.01122728,0.9542438
SRR5218364,0.01961562,0.1006538,0.0055544376,0.87417614
SRR5649132,0.034550905,0.11657566,0.02472055,0.8241529
SRR5429327,0.09995732,0.77382,0.06298244,0.06324029
ERR719740,0.013971537,0.08154675,0.049720466,0.85476124
ERR719623,0.008826047,0.027489007,0.011562765,0.9521222
SRR5203305,0.008409679,0.026585639,0.010878056,0.9541266
SRR5431383,0.006246865,0.026538432,0.011818796,0.95539594
SRR5218366,0.033070058,0.048775226,0.122647196,0.79550755
SRR5202978,0.018768877,0.029566556,0.010802865,0.9408617
SRR5983279,0.026854962,0.34440783,0.008716971,0.6200203
SRR5757925,0.014482498,0.16878808,0.2378053,0.5789241
ERR209680,0.01974824,0.17584217,0.046654046,0.7577555
SRR1766039,0.0099925995,0.05112961,0.023745358,0.9151324
SRR5399884,0.006510645,0.091207564,0.09133172,0.81095004
SRR1930253,0.0062802434,0.026390374,0.011587709,0.95574164
SRR5580449,0.007274747,0.6405462,0.10307473,0.24910432
ERR719056,0.010192752,0.055594116,0.04257402,0.8916391
SRR6450953,0.06710622,0.032694727,0.010220736,0.8899783
SRR6264062,0.0062757432,0.026257098,0.011613548,0.9558536
ERR1637160,0.007168472,0.038048446,0.010360599,0.9444225
ERR719114,0.02265045,0.030577779,0.009033382,0.9377384
SRR7690038,0.056808203,0.44490573,0.008560538,0.48972553
SRR5648767,0.023571342,0.0328964,0.009881824,0.93365043
SRR5757961,0.006800592,0.027214646,0.046105772,0.91987896
SRR5343024,0.0066785514,0.026253581,0.011406571,0.9556613
ERR209583,0.0031354427,0.117789894,0.14671901,0.73235565
SRR5580637,0.03005284,0.032140046,0.009981513,0.92782557
SRR5866464,0.011244804,0.5276874,0.0052805543,0.45578724
ERR719613,0.023180187,0.031169385,0.010726005,0.9349244
SRR6424544,0.006275773,0.026257098,0.011613518,0.9558536
SRR5429242,0.007107407,0.039217144,0.046716303,0.9069592
SRR5758006,0.1940791,0.08290905,0.06342727,0.6595846
SRR5802285,0.010519624,0.02852264,0.011847854,0.9491099
ERR695627,0.0063732862,0.026338875,0.011633813,0.955654
SRR6881413,0.0049393177,0.075713396,0.83556247,0.08378482
SRR5803647,0.07724923,0.051244974,0.013530254,0.85797554
SRR5650059,0.017935723,0.50992507,0.0071077347,0.4650315
SRR6942366,0.0139222145,0.031093746,0.012688637,0.94229543
SRR5983403,0.0072828233,0.031088471,0.022829503,0.9387992
SRR6942400,0.06999549,0.16200665,0.0053731203,0.76262474
SRR5548556,0.0037244856,0.2142205,0.0803082,0.7017468
SRR5548507,0.04305172,0.5392449,0.105504125,0.31219923
SRR5649173,0.02065292,0.029083401,0.010160267,0.9401034
SRR5429324,0.008901864,0.04338965,0.017026454,0.93068206
SRR5866448,0.02158302,0.07239163,0.007283628,0.8987417
SRR5903348,0.022748113,0.028581709,0.008908987,0.93976116
SRR5429087,0.04380089,0.036390603,0.03687349,0.88293505
SRR5649071,0.026682317,0.028966755,0.009355217,0.9349957
SRR2914199,0.0069636106,0.026258439,0.011275828,0.95550215
SRR5580596,0.011456639,0.037338585,0.025884539,0.92532027
SRR961732,0.006269723,0.0279769,0.01130566,0.95444775
ERR719889,0.012859017,0.051694185,0.016497314,0.9189495
SRR5796789,0.6846306,0.08599147,0.02392131,0.20545667
ERR719834,0.019147128,0.03442821,0.011787772,0.9346369
SRR5610071,0.023586303,0.027217805,0.008529037,0.94066685
SRR6450978,0.016860873,0.027917057,0.009786457,0.94543564
SRR5711550,0.15426677,0.030803233,0.0061939657,0.808736
SRR5649119,0.006561309,0.026449978,0.011628449,0.9553603
ERR720129,0.0090660155,0.030842364,0.015309304,0.9447823
ERR209483,0.074101806,0.13521433,0.018881053,0.7718028
SRR5580548,0.013430834,0.03744629,0.019089162,0.9300337
SRR5609952,0.011944711,0.17536816,0.1305371,0.68215
SRR5218382,0.032085866,0.42636973,0.0031944513,0.53835
SRR6265348,0.03621894,0.05450803,0.021067053,0.888206
SRR5548517,0.08123877,0.70984036,0.2089209,0.0
SRR6264003,0.016166508,0.1730816,0.07165721,0.7390947
SRR5343092,0.01584676,0.02673915,0.009245545,0.9481685
SRR5578993,0.006319642,0.026335388,0.011652708,0.9556923
SRR6264256,0.006293595,0.026257098,0.011604071,0.95584524
SRR7690058,0.045574903,0.5087194,0.0124999285,0.43320578
ERR525770,0.00280568,0.12517977,0.15284154,0.719173
ERR209440,0.014451712,0.03690061,0.010274649,0.938373
SRR5079269,0.0062828064,0.026262432,0.011608958,0.95584583
SRR5757780,0.0049465895,0.07574633,0.8355851,0.083721995
SRR5343178,0.00715819,0.026339203,0.01125741,0.9552452
SRR5079072,0.006276369,0.026257724,0.011613637,0.95585227
SRR2914204,0.009601384,0.027141511,0.011002243,0.9522549
SRR6264286,0.039990842,0.039175957,0.010584384,0.9102488
SRR6185278,0.027729452,0.06846362,0.0065576136,0.89724934
ERR525890,0.04263863,0.064215094,0.023587316,0.86955893
SRR5802231,0.20875356,0.04458493,0.015294522,0.731367
SRR6264202,0.0062842667,0.026266456,0.0116170645,0.95583224
SRR5649098,0.007387966,0.026646137,0.011421502,0.9545444
SRR5649184,0.0062757432,0.026257098,0.011613548,0.9558536
ERR719816,0.0069175065,0.0573135,0.050376147,0.88539284
ERR719532,0.016656458,0.044898033,0.020669699,0.9177758
SRR064862,0.0026585758,0.80783796,0.042478263,0.14702517
SRR5650114,0.06678769,0.4780456,0.0030219555,0.45214474
ERR525948,0.0027752817,0.22007746,0.11977777,0.6573695
SRR1763560,0.24429438,0.042567074,0.00779894,0.7053396
SRR6182304,0.0039545894,0.27679095,0.47041455,0.24883991
ERR719438,0.012480259,0.027870357,0.010596573,0.9490528
ERR525763,0.019516557,0.07042503,0.008267313,0.9017911
SRR5429215,0.0062757432,0.026257098,0.011613518,0.95585364
ERR720068,0.007230878,0.04925075,0.014174342,0.92934406
ERR209899,0.009332687,0.04005736,0.01126489,0.93934506
SRR5078953,0.0062757134,0.026257694,0.011613369,0.9558532
ERR1637182,0.0062757134,0.026257098,0.011613548,0.95585364
SRR7423259,0.035027683,0.03466621,0.010594308,0.9197118
SRR5431392,0.009205967,0.026641637,0.010697454,0.953455
SRR5580539,0.016895324,0.030680686,0.01080358,0.9416204
SRR5548520,0.0033678412,0.80067104,0.04880151,0.14715958
SRR5079051,0.005443126,0.03499937,0.01878798,0.94076955
SRR2918683,0.0066949427,0.098994076,0.0140508115,0.88026017
SRR5711539,0.053759545,0.24209705,0.007865965,0.69627744
SRR5649166,0.008816689,0.02675116,0.010946453,0.9534857
SRR6264536,0.0045263767,0.2911513,0.018520951,0.6858014
SRR5757767,0.0061591864,0.06395814,0.25292033,0.6769624
SRR6901805,0.014691263,0.027230978,0.009802014,0.94827574
SRR5203148,0.009402692,0.028141528,0.012138814,0.95031697
SRR7507347,0.06211877,0.05956757,0.0139119625,0.8644017
DRR067938,0.0034594536,0.10425654,0.3829953,0.50928867
SRR5431538,0.006275773,0.026257098,0.011613518,0.9558536
SRR5813233,0.009147346,0.027944326,0.011507571,0.95140076
ERR719751,0.029567093,0.030474216,0.00975728,0.9302014
SRR5803756,0.010348082,0.08864778,0.22702804,0.67397606
SRR5202989,0.031300634,0.029385597,0.009046018,0.93026775
SRR051679,0.6962279,0.09490338,0.037926972,0.17094177
SRR6265271,0.009999394,0.028101653,0.012136936,0.949762
SRR1687439,0.03480354,0.23549351,0.0038277209,0.72587526
SRR5578944,0.006565273,0.02717483,0.01221022,0.9540497
ERR505106,0.014370322,0.098603874,0.008607268,0.87841856
SRR5429325,0.035918236,0.030439496,0.009323001,0.92431927
SRR5813387,0.0076636374,0.027384222,0.011844039,0.9531081
SRR5758086,0.008056015,0.14905077,0.4290542,0.41383898
ERR719132,0.011957437,0.027961582,0.010967433,0.94911355
SRR5648991,0.009985775,0.02784264,0.011433005,0.95073855
SRR6928762,0.0038713515,0.45971814,0.10924041,0.4271701
SRR5602082,0.021260172,0.105570555,0.0896571,0.7835122
SRR5202940,0.016680956,0.026708037,0.009087473,0.94752353
SRR5758122,0.016055316,0.44004047,0.103674024,0.4402302
SRR5761776,0.0062818527,0.02625826,0.011611283,0.9558486
ERR720049,0.008956611,0.07372475,0.021492004,0.89582664
ERR209180,0.017891884,0.059750557,0.023944467,0.89841306
ERR720051,0.008246273,0.119170815,0.027920246,0.84466267
ERR719195,0.0191212,0.051013976,0.018364042,0.9115008
SRR5761653,0.035546064,0.03375703,0.010426879,0.92027
SRR6265576,0.0032970011,0.12172958,0.083728224,0.7912452
SRR5650088,0.025568396,0.3431932,0.004239619,0.6269988
SRR5078751,0.0111451745,0.02935946,0.012364835,0.94713056
SRR5548310,0.002958864,0.7896317,0.039669007,0.16774035
SRR051686,0.14419878,0.04090032,0.008754969,0.8061459
SRR7507694,0.01833278,0.029827684,0.010637164,0.9412024
SRR5813252,0.026587903,0.08250952,0.0085038245,0.8823987
SRR064898,0.0029873252,0.805695,0.04621938,0.14509833
SRR6182376,0.017152667,0.027302474,0.00905782,0.94648707
SRR5548207,0.002867192,0.7603296,0.03619525,0.2006079
SRR497946,0.026345104,0.09660846,0.6474566,0.22958982
SRR5947867,0.007403165,0.030764014,0.015519857,0.94631296
ERR011140,0.005050868,0.06400466,0.08687079,0.84407365
SRR5078753,0.006333858,0.026286185,0.011609048,0.9557709
SRR5399242,0.006329298,0.026256591,0.011584997,0.95582914
SRR5866289,0.0063494146,0.08209157,0.03273791,0.87882113
SRR5429090,0.009908766,0.54271734,0.019053161,0.4283207
SRR6331373,0.008951187,0.027860284,0.011995584,0.951193
SRR5548320,0.0028212965,0.8049952,0.043842196,0.1483413
SRR5548659,0.09921247,0.8182168,0.061550796,0.021019936
ERR719265,0.011756718,0.048837572,0.0140734315,0.9253323
SRR5548683,0.0033854544,0.15369862,0.1516582,0.6912577
ERR719161,0.012526184,0.042112947,0.024160832,0.92120004
ERR719120,0.021500975,0.030225396,0.009151876,0.9391217
SRR7423236,0.027792811,0.027695894,0.008324593,0.9361867
SRR5203181,0.025792241,0.026375115,0.0078088045,0.94002384
SRR5203189,0.03447959,0.027769774,0.007898539,0.9298521
SRR5548949,0.0026876628,0.73761076,0.050965756,0.20873582
SRR1693228,0.29478055,0.040435582,0.0073961914,0.6573877
SRR5983472,0.0027831495,0.803231,0.04124123,0.15274459
SRR6264540,0.006319791,0.06772709,0.13857362,0.7873795
SRR5548192,0.010029137,0.74208003,0.02141413,0.22647667
SRR5601899,0.023592412,0.086483985,0.03886032,0.85106325
SRR6185208,0.0063271523,0.029794484,0.010982454,0.9528959
SRR6724368,0.09401843,0.030935228,0.006925404,0.8681209
ERR525825,0.0062683523,0.028186202,0.011270285,0.95427513
SRR5761757,0.023419589,0.029715866,0.011890799,0.9349737
SRR064854,0.011900544,0.80612874,0.043687373,0.13828337
SRR5802303,0.0062974095,0.026601821,0.011541575,0.9555592
SRR5579035,0.008571148,0.040563136,0.011072457,0.9397932
SRR7507564,0.0064750016,0.026337981,0.011666149,0.95552087
SRR5203395,0.0074473917,0.026583672,0.011339009,0.9546299
SRR5757879,0.03248635,0.047696084,0.008458406,0.9113592
SRR6182529,0.0062888563,0.026294082,0.011635363,0.9557817
SRR5758073,0.006659627,0.101460785,0.69915843,0.19272113
ERR209551,0.036548644,0.60271674,0.10639885,0.25433576
SRR5579016,0.006321043,0.06493509,0.0085116625,0.9202322
SRR1693211,0.049452007,0.12956357,0.0075611174,0.8134233
SRR1687063,0.0881027,0.08323902,0.016520768,0.8121375
SRR5091546,0.047970593,0.039038718,0.008550644,0.90444005
SRR5549054,0.063277334,0.7615188,0.03270769,0.14249623
SRR5343205,0.019949913,0.026967913,0.008802235,0.9442799
SRR5602250,0.0062737167,0.026349157,0.011677682,0.95569944
SRR5757957,0.006834656,0.14359882,0.29707804,0.55248845
SRR6185239,0.012928873,0.026290655,0.009471625,0.95130885
SRR5651413,0.0026611984,0.80598927,0.042375386,0.14897412
SRR6876222,0.05069551,0.040493906,0.0073441565,0.9014664
SRR5078663,0.03940457,0.06016648,0.0072907507,0.8931382
SRR5548573,0.0065470817,0.5038624,0.48959053,0.0
SRR6264900,0.007563323,0.02729991,0.011916608,0.9532201
SRR5648883,0.036282063,0.048019886,0.008172184,0.9075259
SRR6264693,0.0062757134,0.026259482,0.011613071,0.95585173
SRR6182526,0.015586644,0.02688542,0.00927183,0.94825613
SRR6264535,0.012734801,0.0424546,0.015716434,0.9290942
SRR5761750,0.0064993203,0.026397109,0.011529654,0.9555739
SRR7507333,0.011649162,0.5167146,0.004722297,0.466914
ERR209824,0.008650124,0.058733672,0.007790327,0.9248259
SRR5648919,0.007099688,0.028396517,0.012767553,0.9517362
SRR6724465,0.012247592,0.25804472,0.4776061,0.2521016
SRR6264769,0.00832057,0.02778402,0.012289137,0.9516063
ERR505100,0.016214788,0.56455946,0.03599584,0.3832299
SRR051715,0.40167534,0.08812076,0.008136898,0.50206697
SRR5761680,0.04195544,0.029679984,0.008452922,0.9199116
ERR720219,0.023029476,0.21947402,0.07261965,0.68487686
ERR209580,0.013679624,0.75203836,0.054730803,0.17955124
SRR7464887,0.013077408,0.06677538,0.034133017,0.8860142
ERR719403,0.026412874,0.027736843,0.008587927,0.93726236
SRR5548770,0.40383735,0.05336857,0.007822275,0.53497183
SRR5649037,0.0065442324,0.026306987,0.0115199685,0.9556288
SRR051670,0.04872188,0.054671288,0.022654474,0.8739524
SRR5649125,0.028852433,0.028867602,0.009081721,0.9331982
SRR6265129,0.12693697,0.5962088,0.053791285,0.22306293
SRR5757790,0.0062757134,0.026257157,0.011613518,0.9558536
SRR5078734,0.009241968,0.028438836,0.012227863,0.95009136
SRR5078591,0.19074893,0.07539895,0.011281371,0.7225708
SRR5078735,0.0051876307,0.041934222,0.025238395,0.9276397
SRR5757799,0.005834073,0.09270039,0.8001527,0.101312816
SRR6936025,0.0063848197,0.05142495,0.076500505,0.86568975
SRR5202967,0.011868179,0.02783081,0.01083678,0.9494642
SRR1999200,0.0233666,0.028113276,0.009150058,0.93937004
ERR209522,0.012690514,0.032402694,0.012636006,0.94227076
SRR5649196,0.056140244,0.026475817,0.0062541664,0.9111298
SRR7690065,0.017611086,0.02952382,0.009809434,0.9430556
ERR209764,0.014876395,0.38700467,0.0029201806,0.59519875
SRR7507574,0.020320624,0.107435405,0.23264977,0.6395942
SRR6331152,0.0074546337,0.026699305,0.011372149,0.9544739
ERR209412,0.016813219,0.106128484,0.035556883,0.8415014
ERR1809129,0.006286353,0.028550506,0.011202425,0.9539607
SRR5203001,0.008210599,0.02767697,0.011984289,0.9521282
SRR6264812,0.0079167485,0.038697243,0.013724327,0.9396617
SRR5602317,0.018326133,0.028332412,0.018196166,0.93514526
SRR5079154,0.0062692463,0.027941644,0.0113119185,0.9544772
SRR5399213,0.0028055906,0.12516761,0.15286031,0.7191665
SRR6264133,0.006275654,0.026275575,0.011610061,0.9558387
ERR719982,0.00938347,0.035921484,0.01205194,0.9426431
SRR5203396,0.008119166,0.046402156,0.020890683,0.92458797
SRR5580429,0.00856635,0.061438948,0.055029213,0.8749655
SRR5602166,0.017297387,0.02760905,0.0091816485,0.9459119
SRR5429113,0.02057299,0.03847733,0.3136416,0.6273081
ERR719364,0.009376019,0.030991882,0.014635891,0.94499624
SRR7507593,0.004304081,0.056231022,0.041179746,0.89828515
SRR6264545,0.0062756836,0.026259184,0.011614919,0.95585024
SRR6264556,0.012014538,0.05338922,0.050133586,0.88446265
ERR719043,0.010451913,0.04757276,0.02933541,0.9126399
SRR6474216,0.03185883,0.099821806,0.008004308,0.8603151
SRR5761739,0.15292788,0.40753123,0.013035208,0.42650568
SRR6450960,0.029209018,0.036226332,0.010085285,0.92447937
ERR209763,0.018375486,0.55143493,0.008257866,0.42193174
SRR5637747,0.017020881,0.027663082,0.009704143,0.9456119
ERR321371,0.010807425,0.033003032,0.012602866,0.9435867
ERR1809119,0.013323247,0.033902258,0.012559503,0.940215
SRR5758134,0.003839016,0.079485744,0.07796255,0.8387127
ERR719016,0.010676771,0.049534887,0.028688043,0.91110027
SRR6724510,0.15096813,0.046093225,0.025777698,0.77716094
ERR719136,0.011902392,0.028168142,0.0111524165,0.9487771
SRR2726141,0.0077425838,0.027776003,0.0118608475,0.95262057
ERR505084,0.004949361,0.043465316,0.026807755,0.92477757
SRR5203401,0.045273542,0.027721524,0.0073280334,0.9196769
SRR7507423,0.006592393,0.028224498,0.011197597,0.9539855
ERR720209,0.015050113,0.061578333,0.02154687,0.9018247
SRR5429277,0.006275773,0.026257098,0.011613518,0.9558536
SRR6901807,0.006273836,0.026274353,0.011626124,0.9558257
SRR5609995,0.018107444,0.028457731,0.009293586,0.94414127
SRR3160441,0.018347442,0.031289965,0.010695934,0.9396666
ERR011132,0.015860379,0.3082617,0.014110059,0.66176784
ERR209738,0.030667096,0.5313433,0.0045636594,0.4334259
SRR5649140,0.03104803,0.057643414,0.018588811,0.89271975
SRR5078983,0.0062762797,0.026257545,0.011613697,0.9558525
ERR695623,0.0067148507,0.25998798,0.1409159,0.59238124
SRR5580627,0.009765893,0.02759102,0.011328518,0.95131457
SRR5802342,0.009046078,0.028107762,0.012233138,0.950613
SRR5079273,0.0062757134,0.026257515,0.011613518,0.9558532
SRR5649130,0.03498745,0.040319532,0.011070609,0.9136224
SRR6724384,0.03523931,0.031039178,0.009319067,0.9244025
SRR5758168,0.0101905465,0.07470298,0.6520323,0.26307416
ERR209453,0.013111472,0.029566407,0.010500431,0.9468217
ERR011245,0.07597408,0.03952658,0.007961273,0.87653804
SRR6330950,0.044062227,0.029424787,0.008177042,0.9183359
SRR5757884,0.010337234,0.027811289,0.011306405,0.9505451
SRR5091472,0.07809523,0.37520203,0.024214298,0.5224885
ERR719561,0.009086549,0.035639286,0.021220267,0.9340539
ERR720180,0.013624877,0.028234124,0.01068911,0.9474519
SRR6724437,0.033653855,0.031764925,0.008227676,0.9263536
SRR5757880,0.0088073015,0.04013264,0.07215583,0.8789042
SRR5803701,0.006296456,0.026263863,0.011608511,0.95583117
ERR209487,0.0383583,0.043785453,0.0081908405,0.9096654
ERR720025,0.007907689,0.04205352,0.012812078,0.9372267
SRR5578947,0.12902549,0.3134471,0.0057676136,0.55175984
SRR5203069,0.046626657,0.03008166,0.00866282,0.91462886
SRR5648814,0.01282841,0.02909255,0.011614352,0.94646466
SRR6265660,0.011117935,0.0359115,0.02212292,0.93084764
ERR525835,0.009755045,0.039768398,0.01066637,0.93981016
ERR719861,0.02040118,0.029198885,0.009466797,0.9409331
SRR1766004,0.047305077,0.056661785,0.016139835,0.8798933
SRR6331419,0.0062092245,0.026836842,0.012042105,0.9549118
SRR5203280,0.028574169,0.029917926,0.008524537,0.9329834
ERR209631,0.0030621588,0.160696,0.123310834,0.71293104
SRR6724499,0.0898675,0.032375038,0.0076218843,0.87013555
SRR5399409,0.00605613,0.032381177,0.012643844,0.9489188
SRR6182543,0.027249068,0.026854217,0.00796628,0.93793046
SRR5813385,0.013379186,0.028971642,0.010951996,0.9466972
ERR011110,0.058333337,0.029404908,0.007349938,0.9049118
SRR5078793,0.0062758327,0.026257217,0.011613548,0.9558534
SRR5202877,0.007172346,0.03046152,0.014782816,0.9475833
SRR5866306,0.009700149,0.48498508,0.005970955,0.4993438
ERR719729,0.015498877,0.0661194,0.033087015,0.8852947
SRR5757940,0.0049747825,0.07590994,0.8360768,0.08303845
SRR6331070,0.007333696,0.026614994,0.01139909,0.9546522
SRR5648930,0.04153791,0.051924706,0.013682187,0.89285517
SRR053021,0.0059463084,0.43252978,0.0029135346,0.5586104
SRR5866446,0.16705066,0.03512281,0.007863611,0.7899629
SRR5343141,0.006291032,0.026258886,0.011607051,0.95584303
ERR720238,0.019456506,0.1371054,0.023211688,0.82022643
SRR7507524,0.0072408915,0.047954798,0.022962272,0.92184204
ERR209779,0.006275773,0.026257098,0.011613518,0.9558536
SRR5983339,0.02061224,0.037564695,0.0131756365,0.9286474
SRR5548381,0.0031900108,0.7526837,0.025518,0.21860832
SRR5078960,0.006275773,0.026257098,0.011613518,0.9558536
SRR5429301,0.006154835,0.029380709,0.01326403,0.9512004
SRR3496378,0.023915708,0.68969524,0.024377108,0.26201195
ERR321637,0.017201513,0.20867589,0.005072087,0.7690505
SRR5601925,0.008085012,0.07234764,0.37377167,0.5457957
SRR5218371,0.0982382,0.036286384,0.008309454,0.85716593
SRR6331080,0.045830518,0.030815095,0.009117395,0.914237
SRR7507444,0.023797333,0.032520115,0.009830475,0.9338521
ERR525912,0.009814262,0.08343306,0.035069585,0.8716831
ERR720233,0.018835157,0.14872655,0.022173643,0.81026465
ERR719979,0.01699847,0.055487603,0.022217453,0.90529644
SRR5602216,0.045198888,0.08781627,0.017477512,0.84950733
SRR1687059,0.10299477,0.1373668,0.018001944,0.7416365
SRR6724596,0.031040132,0.02888468,0.008910298,0.93116486
SRR7507398,0.050819725,0.030474573,0.008469731,0.910236
ERR011199,0.006613493,0.02784893,0.01251933,0.95301825
ERR719501,0.012646973,0.057757616,0.018291265,0.9113041
ERR719405,0.02485627,0.027670652,0.008699954,0.93877316
SRR5650080,0.08588782,0.4170793,0.0060836673,0.4909492
SRR5758139,0.004938334,0.07573572,0.8353623,0.08396363
ERR719727,0.01584348,0.066116065,0.032486677,0.8855538
SRR5203184,0.012258261,0.027150154,0.010266036,0.95032555
SRR6265692,0.036556005,0.030935287,0.008274883,0.9242338
SRR5813375,0.0065713227,0.27188846,0.009286225,0.712254
SRR5649011,0.037119687,0.04972586,0.012038767,0.90111566
ERR720150,0.013202935,0.033531666,0.009824336,0.94344103
SRR5399519,0.0064840913,0.026437879,0.011667013,0.955411
ERR720163,0.0066918135,0.027408332,0.011525542,0.9543743
ERR525983,0.0064199567,0.026643276,0.011644483,0.9552923
SRR5637769,0.006275773,0.026257098,0.011613518,0.9558536
SRR5548237,0.0026789308,0.73860025,0.04906735,0.2096535
SRR5079216,0.0062761605,0.026259065,0.011613429,0.9558513
SRR5218329,0.040029675,0.38383907,0.0029443502,0.5731869
SRR5629159,0.0064943135,0.112199396,0.16767135,0.71363497
SRR5648820,0.05430588,0.030926794,0.008667439,0.9060999
ERR719712,0.008583158,0.030828327,0.01227349,0.948315
SRR6281240,0.009870768,0.027380139,0.01111868,0.9516304
SRR5813268,0.00938648,0.04512784,0.0104191005,0.9350666
SRR7507595,0.019268453,0.027807146,0.009399682,0.9435247
SRR5802374,0.01061976,0.027865857,0.011274129,0.95024025
SRR6474316,0.06676859,0.06715715,0.0063481033,0.8597262
SRR6424785,0.0032807887,0.16554779,0.11045304,0.7207184
SRR5548701,0.0038093328,0.099204004,0.058169097,0.8388176
SRR5947876,0.022018671,0.69352686,0.02377233,0.2606821
SRR7507707,0.014509976,0.027784854,0.0101147,0.9475905
SRR5091500,0.005556524,0.034251094,0.0181396,0.9420528
SRR5757968,0.005874425,0.07249212,0.1698207,0.75181276
SRR5610002,0.016149879,0.034313917,0.016329408,0.9332068
SRR5602124,0.007929742,0.048475236,0.03318596,0.9104091
SRR5078571,0.006885886,0.02677241,0.011764884,0.95457685
SRR5610060,0.019319057,0.22127411,0.004469484,0.75493735
SRR6357155,0.0068021417,0.02625233,0.011346191,0.9555993
SRR3400440,0.0026558042,0.80808866,0.042261213,0.14699435
ERR209722,0.0036539733,0.71153957,0.01912579,0.26568067
SRR7507461,0.034779727,0.031686187,0.0083914995,0.9251426
SRR5796725,0.73394716,0.10856241,0.03744492,0.12004554
SRR6185192,0.01496473,0.3617301,0.0044752657,0.6188299
SRR5429292,0.105137914,0.038767606,0.013230592,0.8428639
SRR051696,0.09634462,0.026804984,0.0054383576,0.87141204
SRR5757896,0.0063034296,0.026259124,0.011600733,0.9558367
SRR5601949,0.007327765,0.17431128,0.2778645,0.54049647
SRR5711551,0.018779635,0.05972752,0.00711149,0.9143814
SRR961699,0.0065261126,0.029120624,0.015731841,0.9486214
ERR719931,0.011209428,0.037268877,0.014010042,0.9375117
SRR6724545,0.13134599,0.04968095,0.0109137,0.80805933
SRR5078975,0.0062757432,0.026259482,0.011613041,0.95585173
SRR6474271,0.007903695,0.32433575,0.015682876,0.6520777
SRR6265663,0.013356715,0.031086445,0.010822386,0.94473445
ERR525753,0.00624913,0.027927876,0.011737436,0.9540856
SRR5548490,0.08704113,0.66849834,0.2444605,0.0
SRR6281243,0.05339101,0.04527986,0.007776737,0.8935524
SRR6185275,0.014633626,0.028259307,0.009427607,0.94767946
SRR5757922,0.0071277022,0.13203788,0.61372447,0.24710995
SRR5431552,0.0062758625,0.026257098,0.011613429,0.9558536
SRR6264750,0.007346213,0.027684331,0.012136638,0.9528328
SRR5548580,0.0026617646,0.80736506,0.041953295,0.14801991
SRR5078756,0.0063305795,0.02630052,0.011623591,0.95574534
SRR5602232,0.00669384,0.095798105,0.17850545,0.7190026
SRR5648992,0.025198221,0.029004633,0.009522378,0.93627477
SRR5761694,0.059720278,0.030230522,0.007936418,0.9021128
SRR5429138,0.11898428,0.28365117,0.008921474,0.58844304
ERR719763,0.018300474,0.044133335,0.011134207,0.926432
SRR5648975,0.111649394,0.035406977,0.009179711,0.84376395
ERR525879,0.006097734,0.4264671,0.002940774,0.5644944
SRR5866517,0.016394079,0.15574676,0.007842481,0.8200167
SRR5803646,0.006276399,0.026257694,0.011613637,0.95585227
ERR526070,0.0083420575,0.5150595,0.012057006,0.4645415
SRR5802277,0.006659299,0.026322037,0.0114631355,0.95555556
SRR5079132,0.09645483,0.04466343,0.011606336,0.8472754
ERR719138,0.01056245,0.027716368,0.011167973,0.9505532
SRR7507537,0.006443143,0.026317656,0.011594564,0.9556446
ERR209493,0.031831175,0.08198848,0.008181602,0.8779987
SRR5020829,0.009939462,0.025139391,0.023940295,0.94098085
SRR5203228,0.021347284,0.026594162,0.008390129,0.9436684
SRR7507695,0.08583933,0.03224045,0.008004665,0.87391555
SRR6424787,0.026085973,0.6683722,0.014764279,0.29077756
SRR6281239,0.0063490868,0.028487176,0.012330651,0.95283306
SRR5343027,0.016177922,0.026564807,0.009069532,0.9481877
SRR5429077,0.035624593,0.18888548,0.012113303,0.7633766
ERR719230,0.01333788,0.050233334,0.03231877,0.90411
SRR6265390,0.00627169,0.027295977,0.011424482,0.95500785
ERR720119,0.009424031,0.072625905,0.030466884,0.8874832
SRR7507576,0.019812256,0.05808693,0.0076234043,0.9144774
SRR5079028,0.0062755942,0.026276946,0.011609763,0.9558377
SRR1687069,0.118095845,0.337807,0.02827838,0.5158188
SRR6264006,0.007275641,0.026974231,0.012015641,0.9537345
SRR5548533,0.0060091615,0.80422217,0.077181876,0.1125868
SRR5609998,0.004726082,0.056879282,0.13610816,0.8022865
SRR6182553,0.013691574,0.45186523,0.009342015,0.5251012
SRR5091599,0.021423578,0.08729476,0.008126974,0.8831547
SRR5796743,0.5285505,0.11493412,0.013582915,0.34293246
SRR5429283,0.02458027,0.030052036,0.010326713,0.93504095
SRR7507508,0.05035001,0.14915699,0.006138563,0.79435444
SRR6265241,0.005759597,0.032348394,0.01836279,0.94352925
SRR7690207,0.023827076,0.12502986,0.008084267,0.8430588
SRR5548691,0.0027938187,0.18341455,0.13184053,0.6819511
SRR5203296,0.049120903,0.02984041,0.008333355,0.9127053
SRR5796771,0.48686936,0.069354475,0.013160646,0.43061548
SRR5757778,0.005279422,0.05176437,0.2832959,0.65966034
SRR5078803,0.0062757134,0.026257217,0.011613458,0.9558536
ERR719652,0.009142965,0.026867539,0.0109191835,0.9530703
SRR5428888,0.0077388883,0.0736551,0.06639764,0.8522084
ERR011109,0.007551968,0.02926141,0.013025761,0.95016086
SRR5429311,0.0049355924,0.10438368,0.09169552,0.79898524
SRR6182522,0.02429533,0.027634382,0.008441895,0.93962836
ERR719790,0.0050014257,0.044584483,0.0285379,0.9218762
SRR1930144,0.0063787997,0.02628243,0.011582166,0.9557566
SRR5091515,0.015293062,0.1528995,0.0074845552,0.8243229
ERR720082,0.01066184,0.032213897,0.014864534,0.9422597
SRR5813475,0.008074433,0.033960253,0.012219191,0.9457461
ERR209183,0.018395394,0.08406353,0.011122525,0.8864186
ERR719686,0.011087328,0.027311027,0.01064536,0.9509563
SRR5757871,0.010245532,0.18736497,0.55070364,0.25168586
ERR1398126,0.029824615,0.06379506,0.010450095,0.89593023
SRR5637775,0.20684665,0.036868036,0.008303463,0.74798185
SRR6265258,0.0062757432,0.026257157,0.011613458,0.95585364
SRR7507378,0.009005904,0.028807074,0.0121408105,0.9500462
ERR720127,0.009385049,0.030927628,0.015788674,0.9438987
SRR5429130,0.006189078,0.05718854,0.12848628,0.8081361
SRR5637737,0.006275773,0.026257098,0.011613518,0.9558536
SRR6185175,0.07605195,0.03485459,0.01180169,0.8772918
SRR5866513,0.053611696,0.026220411,0.006217152,0.91395074
SRR5803622,0.017206281,0.026505202,0.00886929,0.9474192
SRR5078802,0.006275773,0.026260495,0.011612922,0.95585084
SRR5429333,0.007982552,0.0408473,0.05237943,0.8987907
SRR5757826,0.014798731,0.07896504,0.23383823,0.672398
ERR209665,0.017938286,0.50921005,0.0043720007,0.46847963
ERR720210,0.015603036,0.06734714,0.02219078,0.8948591
SRR5866548,0.0069494545,0.06428078,0.022775322,0.9059944
SRR5649117,0.007092148,0.026830912,0.012420207,0.95365673
SRR5580649,0.0098697245,0.09074271,0.1649906,0.73439693
SRR5078581,0.022176147,0.06954804,0.10632512,0.8019507
SRR5218349,0.030231565,0.07862076,0.0072389543,0.88390875
SRR6331212,0.028301328,0.109189,0.0069948733,0.85551476
SRR5578968,0.006376922,0.026347458,0.011629254,0.9556464
ERR719491,0.008240104,0.042327166,0.040180445,0.9092523
SRR6185224,0.10200375,0.031840622,0.0076287985,0.8585268
SRR5203112,0.052372456,0.029767781,0.008030266,0.9098295
SRR5802305,0.06653771,0.09768382,0.05525723,0.7805213
SRR5866280,0.010409594,0.054100275,0.00973767,0.92575246
SRR7507557,0.020700365,0.03382936,0.008659303,0.936811
SRR6265350,0.006425917,0.026364714,0.011631459,0.9555779
SRR5648943,0.031350434,0.027824074,0.008224249,0.9326012
SRR5802225,0.0075753033,0.026480317,0.011173308,0.95477104
SRR6265166,0.00808984,0.029720157,0.01412341,0.9480666
SRR6265237,0.006315857,0.026274443,0.011607885,0.95580184
SRR961742,0.006161213,0.20260677,0.0052138865,0.78601813
SRR6331076,0.006526947,0.026664346,0.011934817,0.9548739
SRR6264499,0.0062756836,0.026257157,0.011613518,0.95585364
SRR5580509,0.013890535,0.05216497,0.03927189,0.89467263
SRR5196167,0.004460633,0.05863136,0.04368174,0.89322627
SRR6724558,0.012170404,0.029237598,0.01155737,0.9470346
ERR525900,0.006275773,0.026257098,0.011613518,0.9558536
SRR6901801,0.045555502,0.07837993,0.0062256157,0.86983895
SRR6182474,0.0027882457,0.5534955,0.0655424,0.37817383
SRR5203222,0.0044690967,0.07833609,0.17291152,0.7442833
ERR719628,0.008690864,0.02747485,0.011601776,0.9522325
ERR209742,0.041353256,0.23175576,0.0057961047,0.72109485
SRR5648862,0.0074593723,0.039168954,0.01776442,0.93560725
ERR011158,0.018626213,0.02767998,0.009207338,0.9444865
SRR6265436,0.005815983,0.035285532,0.018656343,0.9402422
SRR7507372,0.006275773,0.026257098,0.011613518,0.9558536
SRR5983450,0.011574239,0.1311923,0.018814713,0.8384187
ERR720007,0.010941863,0.04194653,0.010832131,0.9362795
ERR719846,0.017827868,0.036907047,0.0124105215,0.93285453
SRR5203293,0.07429248,0.046660602,0.010383338,0.86866355
SRR6264321,0.007947862,0.026311815,0.010903776,0.95483655
SRR6474308,0.028342217,0.23019889,0.0151052475,0.72635365
SRR6264080,0.007049978,0.026838422,0.011744738,0.95436686
ERR321214,0.00938338,0.0276663,0.011214703,0.9517356
ERR209069,0.036647797,0.03570041,0.010398507,0.91725326
SRR5580514,0.008375287,0.044939667,0.02998504,0.9167
SRR6901791,0.012412339,0.027488172,0.010336131,0.94976336
SRR5579004,0.04996702,0.608851,0.008757323,0.33242464
SRR5399487,0.0062758327,0.026257247,0.011613578,0.95585334
SRR5548124,0.004422128,0.5718065,0.17913988,0.24463153
SRR6424485,0.0028036237,0.7543348,0.051534116,0.19132745
SRR7690181,0.01511237,0.027687043,0.00966996,0.9475306
SRR5813189,0.010031611,0.027982116,0.011521399,0.95046484
SRR7507351,0.0075905323,0.3239636,0.003481239,0.6649646
SRR5813215,0.017775625,0.056883276,0.010362834,0.91497827
SRR5580522,0.008681834,0.032440603,0.016925335,0.9419522
SRR5429363,0.008027434,0.029509097,0.012132198,0.9503313
SRR5428914,0.010390252,0.028737366,0.01377815,0.9470942
SRR5802248,0.0062484145,0.038631827,0.009849459,0.9452703
SRR6264962,0.041456968,0.04250115,0.024750233,0.8912916
SRR5431507,0.006275773,0.026257098,0.011613518,0.9558536
ERR1823590,0.01071915,0.0587039,0.008868903,0.92170805
SRR3160442,0.018083721,0.03163737,0.010838062,0.93944085
ERR719596,0.013899803,0.05306956,0.019096673,0.913934
SRR5079166,0.006534785,0.026331574,0.011546582,0.955587
SRR5757862,0.008046806,0.12064576,0.5490428,0.3222646
SRR5601915,0.014130175,0.02820772,0.010873228,0.9467889
SRR064896,0.002829522,0.12330398,0.14926332,0.7246032
SRR5580577,0.036439717,0.0368433,0.009646893,0.9170701
SRR5343134,0.052246183,0.028776258,0.0075771213,0.91140044
SRR5761783,0.18721724,0.038613796,0.009545326,0.76462364
SRR6265103,0.0062848926,0.026263207,0.011614203,0.9558377
ERR209607,0.010682374,0.36295855,0.016313642,0.61004543
ERR525892,0.0061754584,0.027389884,0.0124593675,0.9539753
SRR5431385,0.016891867,0.028865129,0.010401785,0.9438412
SRR5548922,0.01929161,0.045716196,0.009682834,0.92530936
SRR6264155,0.0091769695,0.028135091,0.011958003,0.95072997
ERR209849,0.014325738,0.47410205,0.0029155612,0.5086566
SRR6264413,0.0062783062,0.026258647,0.011613518,0.9558495
ERR525917,0.0033035576,0.6096386,0.034402728,0.35265517
SRR5813217,0.010432452,0.031086504,0.013234913,0.9452461
ERR719191,0.019917905,0.05388519,0.018053085,0.9081438
SRR5637786,0.0064496994,0.026366144,0.011621207,0.95556295
SRR5343179,0.016689539,0.026204497,0.00874269,0.9483633
SRR2918848,0.007908493,0.07606259,0.6694702,0.24655873
SRR7507484,0.0031502843,0.78064334,0.10775837,0.10844803
SRR6182367,0.026876777,0.04393059,0.012621492,0.91657114
SRR5803608,0.45059004,0.13699934,0.015801907,0.3966087
ERR209601,0.006886363,0.70616025,0.01584652,0.27110684
ERR525695,0.0062747896,0.026483476,0.011571407,0.95567036
SRR6466627,0.02054888,0.3735698,0.020452917,0.5854284
SRR5203243,0.07471785,0.03159836,0.0082960725,0.8853877
SRR5651470,0.01856494,0.39547443,0.010827154,0.57513344
SRR6331013,0.01084736,0.030521572,0.01298973,0.94564134
SRR6182486,0.006724477,0.026489794,0.011615425,0.9551703
SRR5428920,0.0062757432,0.026257157,0.011613518,0.9558536
SRR7507596,0.06339082,0.035949707,0.008563429,0.89209604
SRR5602191,0.006277591,0.026258677,0.011613905,0.9558498
SRR6264519,0.14626306,0.542138,0.011030227,0.3005687
SRR961851,0.014240831,0.027830124,0.009895772,0.9480333
SRR5947819,0.040442437,0.2320891,0.028318226,0.6991502
SRR6724578,0.13353989,0.034626752,0.008379519,0.82345384
SRR5377209,0.01284492,0.036536753,0.012223184,0.93839514
SRR5866330,0.08246064,0.026102602,0.005402744,0.886034
SRR2918739,0.17365855,0.5833553,0.041694432,0.20129168
SRR5610133,0.0349434,0.16842172,0.022996753,0.7736381
SRR068111,0.0063112974,0.02628836,0.011622727,0.95577765
SRR5078772,0.0062756836,0.026257157,0.011613518,0.95585364
SRR5580515,0.013453603,0.046334594,0.034678936,0.90553284
SRR6331180,0.009671658,0.026672602,0.010592818,0.9530629
SRR5796727,0.34079716,0.39144477,0.15799025,0.109767795
SRR064879,0.01415509,0.7952227,0.03693351,0.15368867
SRR6107271,0.0136909485,0.030292034,0.14825428,0.80776274
ERR719588,0.014151692,0.054506242,0.019214362,0.91212773
SRR961856,0.006080419,0.15988836,0.0051804185,0.8288508
SRR5078677,0.0062754154,0.026324034,0.011601031,0.9557995
ERR719226,0.013679087,0.050236464,0.029338986,0.90674543
ERR011273,0.0151667,0.04248303,0.011667013,0.93068326
SRR6024858,0.0066505373,0.026358873,0.011513174,0.9554774
SRR6264025,0.009662986,0.029420733,0.013452947,0.94746333
SRR5947836,0.18437862,0.44565156,0.011744916,0.35822493
SRR5761677,0.058121532,0.036202222,0.01118359,0.8944926
SRR5758062,0.02354762,0.03072381,0.010611057,0.9351175
SRR5763477,0.0062757134,0.026257157,0.011613518,0.9558536
SRR5548463,0.11714725,0.8029896,0.079863176,0.0
SRR5637727,0.0063910782,0.026257247,0.011553347,0.9557983
ERR719709,0.008816749,0.03112322,0.012179434,0.9478806
ERR011339,0.015827537,0.03154716,0.0108808875,0.94174445
SRR5637721,0.0033117533,0.108340174,0.32424998,0.5640981
SRR5601926,0.022681534,0.0591757,0.027481616,0.8906611
SRR6331166,0.022865653,0.028635114,0.009559244,0.93894
SRR6264863,0.0062757432,0.026257128,0.011613548,0.9558536
ERR719907,0.0068048537,0.027026355,0.0118407905,0.954328
SRR5580421,0.009115249,0.13935259,0.45805493,0.3934772
SRR5983295,0.04646519,0.19721705,0.019401133,0.73691666
SRR5629135,0.0039027631,0.12725055,0.076467216,0.7923795
ERR719153,0.012349218,0.04163882,0.024268985,0.921743
ERR209876,0.0050632954,0.7999854,0.041281343,0.15366995
SRR6264218,0.006175697,0.02888,0.014808983,0.95013535
ERR719750,0.031651884,0.030872673,0.009765565,0.9277099
SRR5548448,0.08098301,0.7846519,0.08098838,0.053376675
ERR209409,0.008404732,0.028073132,0.013471156,0.95005095
SRR5078996,0.0062756836,0.026257157,0.011613518,0.95585364
ERR719115,0.021978915,0.03152457,0.0090537965,0.9374427
SRR5431541,0.0028059185,0.12514135,0.15280944,0.7192433
SRR5758003,0.013295988,0.15722808,0.8294759,0.0
SRR6424661,0.0049393177,0.075713396,0.83556247,0.08378482
ERR719253,0.0115330815,0.042231947,0.012609303,0.9336257
SRR6474274,0.009019613,0.033699542,0.009720385,0.9475604
SRR5601920,0.0083011985,0.076209396,0.12972677,0.78576267
SRR5711555,0.009379417,0.026709765,0.0106879175,0.9532229
SRR5078846,0.0063289404,0.026302606,0.011625886,0.9557426
ERR719583,0.013967007,0.056709975,0.019034147,0.9102889
SRR5803762,0.062356144,0.031904638,0.00917393,0.8965653
SRR6264024,0.006275773,0.026257157,0.011613518,0.9558536
SRR5091527,0.010540694,0.32508236,0.0034320652,0.6609449
ERR719895,0.012719065,0.048674136,0.0182617,0.92034507
SRR6330875,0.008845985,0.027130276,0.011161506,0.95286226
SRR5078863,0.0062757432,0.026257426,0.011613429,0.9558534
SRR5803681,0.0064586997,0.11386639,0.01346761,0.8662073
SRR6331298,0.027691722,0.64681184,0.08023569,0.24526072
SRR5757864,0.005626738,0.044223487,0.1918892,0.7582606
SRR6182430,0.027217925,0.02643025,0.0077196658,0.93863213
SRR6265090,0.0062757134,0.026263058,0.0116123855,0.9558488
SRR7423241,0.027507693,0.12018365,0.005036205,0.84727246
SRR6185293,0.0066300333,0.02631852,0.0114355385,0.9556159
SRR5580497,0.009302199,0.034908116,0.019637048,0.93615264
SRR497650,0.015268415,0.6642057,0.14471835,0.17580754
SRR5079183,0.0063322484,0.026336253,0.011647224,0.9556843
SRR6424572,0.004938513,0.076345384,0.8350471,0.08366895
SRR961845,0.010837436,0.027379632,0.0105941,0.9511888
SRR5602252,0.008602083,0.043026984,0.029982895,0.918388
SRR5637717,0.006516516,0.0275276,0.011553735,0.95440215
ERR719676,0.0087893605,0.026607096,0.010754317,0.9538492
SRR1763593,0.2497595,0.040001094,0.0072495043,0.70298994
SRR6264228,0.007822633,0.028263807,0.012550384,0.9513632
SRR5650072,0.00904119,0.5659571,0.005870998,0.41913068
SRR5343101,0.041408986,0.028143704,0.007764429,0.9226829
SRR5580613,0.008531541,0.1054869,0.20741767,0.6785639
ERR209533,0.0069329143,0.033553183,0.010260314,0.94925356
SRR6724497,0.06402072,0.031300873,0.00838545,0.8962929
ERR209832,0.0062748194,0.02626434,0.011618823,0.955842
SRR5578985,0.010896474,0.4471256,0.0028493106,0.5391286
SRR5343090,0.058213472,0.026123762,0.0060194135,0.90964335
ERR719414,0.024899453,0.027651101,0.008683145,0.9387663
ERR209731,0.0061189234,0.7790793,0.044208318,0.1705935
SRR1765943,0.088186145,0.62227845,0.015573055,0.27396238
SRR6928809,0.0067525804,0.026675314,0.011726141,0.95484596
SRR6474242,0.0064994395,0.02706948,0.012437105,0.953994
SRR6265542,0.0063346326,0.026339471,0.011644602,0.9556813
SRR5649075,0.048476577,0.031716317,0.008953899,0.9108532
SRR5079189,0.0062757134,0.026257634,0.011613429,0.9558532
SRR5202962,0.008701324,0.038907588,0.015104562,0.9372865
SRR5934970,0.060625285,0.07404274,0.012036324,0.8532957
SRR1766008,0.01465109,0.026596874,0.017449677,0.94130236
ERR209368,0.0065867305,0.02897355,0.013325661,0.95111406
ERR365897,0.006305784,0.02625686,0.011597484,0.9558399
ERR209243,0.012144804,0.07781884,0.0675205,0.8425158
SRR5431376,0.010457188,0.026620716,0.010323167,0.9525989
SRR1999156,0.0780358,0.026162177,0.0055212677,0.8902807
SRR5429143,0.03789419,0.052428454,0.013223827,0.8964535
SRR1763615,0.073317796,0.030672401,0.0078003705,0.88820946
ERR011212,0.01692015,0.031262636,0.012208223,0.939609
SRR5549057,0.07418546,0.030633658,0.007701248,0.88747966
SRR6424625,0.0063830316,0.0816572,0.8439659,0.06799388
SRR5343144,0.017296284,0.02640137,0.008785605,0.94751674
SRR5651438,0.048289478,0.061564088,0.09212646,0.79802
SRR5649016,0.0064658523,0.026259094,0.011517018,0.95575804
SRR5203251,0.009203315,0.026921451,0.010942489,0.9529327
SRR1262581,0.006275773,0.026257098,0.011613518,0.9558536
SRR5648831,0.047308505,0.039350003,0.014776051,0.8985654
SRR5796748,0.7581226,0.17005828,0.056589514,0.015229583
SRR5761728,0.0032909214,0.7473932,0.14062005,0.108695805
ERR719269,0.0119357705,0.055790722,0.014493197,0.9177803
SRR5803777,0.007519424,0.027183086,0.011835188,0.9534623
SRR6185274,0.010865539,0.12655771,0.0057477355,0.85682905
ERR525871,0.018895715,0.032690912,0.009849846,0.9385635
SRR5866293,0.022748739,0.54275095,0.004755765,0.4297446
SRR6474224,0.03609577,0.029374808,0.008812189,0.92571723
SRR6182297,0.0068854094,0.07590446,0.0072642565,0.90994585
SRR6182363,0.022872508,0.028199822,0.008834511,0.94009316
SRR5757762,0.016432762,0.174263,0.6073375,0.20196676
SRR5579025,0.0062763393,0.026257157,0.01161316,0.95585334
SRR5629091,0.0026811361,0.7894604,0.044969916,0.16288853
SRR6182448,0.009033203,0.0268569,0.010586649,0.9535233
SRR6424593,0.0049393177,0.075713396,0.83556247,0.08378482
ERR719604,0.023943156,0.03160304,0.010789365,0.93366444
ERR525968,0.034404784,0.6185224,0.28950483,0.057568014
SRR5758015,0.016578346,0.11207008,0.14488691,0.7264646
SRR6264047,0.0075784028,0.026312023,0.011039913,0.95506966
SRR5649067,0.0063420534,0.026299119,0.01161629,0.95574254
SRR5343098,0.01626873,0.026367724,0.008918971,0.9484446
SRR6881422,0.0030659437,0.2700289,0.17838883,0.54851633
SRR5802234,0.008266926,0.036256194,0.009579182,0.9458977
SRR7423286,0.06789976,0.039662957,0.0072841644,0.8851531
SRR5813250,0.011785954,0.098493665,0.011909902,0.8778105
ERR719794,0.0053004622,0.039498776,0.023212016,0.9319887
SRR5078630,0.0062757134,0.02625978,0.011612982,0.95585155
SRR5580641,0.012122422,0.030077368,0.012548655,0.9452516
ERR209172,0.010220289,0.02879855,0.011633217,0.949348
SRR5548750,0.15713939,0.08485326,0.5038208,0.25418657
SRR5649146,0.011861324,0.027371109,0.010282218,0.95048535
SRR5763481,0.008424848,0.03383425,0.012182951,0.94555795
SRR5602305,0.011033207,0.040796816,0.022234023,0.925936
ERR011090,0.012394041,0.1549786,0.012363255,0.8202641
SRR5580408,0.040429354,0.033090264,0.010749072,0.9157313
SRR6182318,0.006279975,0.026260316,0.011614174,0.95584553
SRR5650023,0.035616845,0.5181867,0.017761678,0.42843473
SRR5548608,0.005431682,0.07482639,0.01390335,0.9058386
ERR719039,0.010730267,0.052676708,0.034946114,0.9016469
ERR209800,0.022277117,0.6148048,0.007813036,0.35510504
ERR719141,0.012360543,0.028112948,0.010980427,0.94854605
SRR5813324,0.023569822,0.09039402,0.010752231,0.87528396
ERR719453,0.012740493,0.027769327,0.010558158,0.94893205
SRR5020840,0.0063336194,0.02625662,0.011582673,0.9558271
SRR5202873,0.021892667,0.027353108,0.0087547,0.94199955
SRR5758078,0.03310007,0.30007246,0.012791634,0.6540358
ERR525969,0.006276369,0.026257306,0.011613309,0.955853
SRR5610163,0.034716427,0.03282225,0.008699864,0.9237615
SRR5399187,0.006413907,0.059120387,0.008236229,0.9262295
ERR720142,0.014063209,0.06657523,0.014295012,0.90506655
SRR5429355,0.007049024,0.029348314,0.013186395,0.95041627
SRR5934962,0.024841905,0.035649925,0.01136893,0.9281392
SRR1159467,0.0065573454,0.07347125,0.007487893,0.9124835
SRR5365474,0.07013738,0.027237236,0.006193191,0.89643216
SRR5947821,0.041470587,0.034460276,0.008366615,0.9157025
SRR5580428,0.010763705,0.034033388,0.01623109,0.9389718
SRR2142202,0.006006688,0.5525763,0.0064147413,0.4350022
ERR719117,0.020852357,0.032389045,0.009167433,0.9375912
SRR6901795,0.05275196,0.03201011,0.008142501,0.90709543
SRR6474291,0.03496635,0.028389364,0.00829795,0.92834634
SRR053013,0.009210646,0.03376171,0.016078621,0.940949
SRR5431533,0.006275773,0.026257098,0.011613518,0.9558536
SRR5650069,0.003548503,0.8063959,0.04908043,0.14097518
SRR1693198,0.14068738,0.0704627,0.008246839,0.78060305
SRR5343035,0.01898402,0.026594192,0.008679867,0.9457419
ERR525720,0.013954252,0.2586528,0.004105836,0.7232871
SRR5983423,0.0059484243,0.036800146,0.026347965,0.93090343
SRR5802313,0.014329404,0.49219865,0.0032661855,0.49020576
ERR525693,0.006304413,0.026326299,0.011594832,0.9557744
SRR5548777,0.0067991912,0.79624534,0.06854379,0.12841165
ERR011312,0.0067970157,0.027771682,0.011538118,0.9538932
SRR068070,0.018930644,0.04061863,0.010877937,0.9295728
SRR7507567,0.028816402,0.029231936,0.009313911,0.93263775
SRR1766006,0.030160546,0.031363994,0.01047194,0.92800355
SRR5866281,0.03820941,0.53254247,0.007053107,0.42219496
ERR719805,0.017811596,0.071704954,0.013805658,0.8966778
SRR7507422,0.005507469,0.23371333,0.008719951,0.7520592
SRR5343133,0.037780285,0.028102964,0.007918835,0.9261979
ERR525902,0.0062762797,0.026257247,0.011613339,0.9558531
ERR720108,0.009983927,0.08175856,0.031739056,0.8765185
SRR5758038,0.004936248,0.07578623,0.8347293,0.084548235
SRR5610031,0.007489562,0.028463572,0.011949629,0.95209724
SRR5602160,0.044456363,0.028879106,0.007966697,0.91869783
SRR7507500,0.027392209,0.07695773,0.012962759,0.88268733
ERR321597,0.011152893,0.02765292,0.010552347,0.9506419
ERR525945,0.070661575,0.721442,0.16049975,0.04739672
SRR5203388,0.019690543,0.03112638,0.010711312,0.9384718
SRR5602152,0.006281525,0.026262164,0.01161477,0.95584154
SRR2914259,0.0077827275,0.026921362,0.011258692,0.9540372
SRR5866425,0.005237341,0.05121097,0.0372878,0.9062639
SRR6474246,0.0030261874,0.11675048,0.18729046,0.69293284
SRR5548628,0.0026558638,0.80774873,0.042299837,0.1472956
SRR5610109,0.0060889125,0.23303005,0.11611426,0.6447668
SRR3400421,0.0031363964,0.11366266,0.25820518,0.62499577
SRR6264590,0.008543551,0.027638108,0.01258859,0.95122975
SRR5602194,0.0028055906,0.12516761,0.15286031,0.7191665
SRR5651421,0.013852179,0.12373525,0.011194468,0.8512181
SRR5078931,0.0062756836,0.026257634,0.011613429,0.9558532
ERR719214,0.013652056,0.047463655,0.02862522,0.91025907
SRR5802286,0.019295245,0.1430122,0.009018332,0.8286742
SRR5580528,0.014366478,0.030462116,0.012506813,0.9426646
SRR5813199,0.0040747225,0.107105196,0.09573713,0.79308295
SRR5548690,0.003078431,0.12636104,0.120526254,0.7500343
ERR634986,0.007325858,0.78457075,0.042037815,0.16606557
SRR090273,0.0058858097,0.41132575,0.0033136606,0.5794748
SRR6724364,0.036184132,0.030786008,0.009668291,0.92336154
SRR7507533,0.00966531,0.026273042,0.010279864,0.9537818
SRR1009052,0.01263389,0.7174876,0.039660245,0.23021829
ERR719420,0.026694596,0.027824998,0.008598208,0.9368822
SRR5866390,0.022673666,0.026488602,0.0081701875,0.94266754
SRR5580640,0.015406817,0.040498585,0.012498617,0.931596
SRR5091576,0.026339322,0.04527092,0.010589182,0.91780055
SRR5548918,0.019602597,0.49836978,0.12755206,0.35447562
SRR6265613,0.006275773,0.026257157,0.011613518,0.9558536
SRR5343119,0.014028817,0.02689308,0.009687573,0.94939053
SRR5549015,0.06798774,0.67525125,0.062405854,0.19435513
SRR5637801,0.004894197,0.07634875,0.8279891,0.09076798
SRR7507716,0.09411639,0.056525618,0.009620398,0.8397376
SRR5343210,0.020911396,0.028112292,0.009448528,0.9415278
ERR719771,0.015210003,0.042311072,0.011832148,0.9306468
SRR5218306,0.020189673,0.0614281,0.006852895,0.9115293
ERR209325,0.0056414306,0.03428057,0.01820895,0.941869
SRR5903340,0.021705449,0.029318899,0.008849233,0.9401264
SRR5649178,0.106482595,0.0346694,0.008896232,0.84995174
SRR5549065,0.042687804,0.82484984,0.11503112,0.01743126
SRR5091498,0.05525872,0.06504583,0.016396761,0.86329865
SRR5711584,0.051864803,0.031835347,0.009336591,0.9069632
SRR6182346,0.06582761,0.105172426,0.0052369833,0.823763
SRR6876225,0.0028771758,0.66289324,0.043952912,0.29027665
ERR719274,0.011235684,0.037231237,0.01586473,0.93566835
SRR7008052,0.05916965,0.42847395,0.008195251,0.5041611
SRR5399179,0.0028055906,0.12516761,0.15286031,0.7191665
SRR5203286,0.025408328,0.027524352,0.008552104,0.9385152
SRR5580531,0.011936724,0.042725593,0.02633968,0.918998
SRR7507320,0.008054644,0.026471972,0.010947436,0.95452595
SRR5602078,0.009674132,0.027911127,0.011592418,0.95082235
SRR6331219,0.006264627,0.090066075,0.64797705,0.25569224
SRR5761660,0.047932,0.02863428,0.007660687,0.91577303
SRR5580595,0.018566847,0.27132082,0.058540136,0.6515722
SRR5079039,0.006275773,0.026257098,0.011613518,0.9558536
SRR6724417,0.052333623,0.026145726,0.006226063,0.9152946
SRR5813348,0.025625616,0.056533933,0.010450959,0.9073895
SRR1763577,0.23735154,0.059542477,0.008212864,0.6948931
SRR5983330,0.038568646,0.41000995,0.008808136,0.54261327
SRR5602285,0.005795896,0.04176733,0.06711218,0.8853246
ERR209411,0.019204259,0.16166976,0.04548496,0.773641
SRR5761790,0.0062756836,0.026257098,0.011613518,0.9558537
SRR5813470,0.006275773,0.026257098,0.011613518,0.9558536
ERR719351,0.013112128,0.028695643,0.01095733,0.94723487
ERR209219,0.013373196,0.07410967,0.008776188,0.90374094
SRR5218395,0.063042015,0.030684263,0.007981241,0.8982925
SRR6474278,0.022559255,0.36550248,0.014379799,0.5975585
SRR6876220,0.10924989,0.12632519,0.010339469,0.7540854
ERR209558,0.01906395,0.30985534,0.0034082532,0.66767246
SRR5218313,0.007222414,0.3817325,0.0038633943,0.60718167
SRR6264422,0.01014787,0.028769523,0.011727333,0.94935524
SRR5100584,0.040422916,0.028070599,0.007770121,0.92373633
SRR1766037,0.021624923,0.030543387,0.01196593,0.93586576
ERR719231,0.013784707,0.04694271,0.02709952,0.91217303
SRR5548292,0.03066799,0.72348845,0.03310758,0.21273595
SRR5813388,0.008917391,0.026947558,0.011051774,0.9530833
SRR5431495,0.006275773,0.026257098,0.011613518,0.9558536
SRR5078733,0.0063269436,0.026904702,0.012024909,0.95474344
ERR525864,0.0339157,0.35430717,0.014568269,0.59720886
SRR5757986,0.0049372613,0.07574037,0.83524543,0.08407694
SRR5548999,0.317196,0.2786798,0.007429421,0.39669478
DRR092054,0.006223589,0.043207288,0.009390414,0.9411787
ERR719287,0.007833689,0.042103678,0.0133625865,0.93670005
ERR209489,0.02197954,0.18449765,0.009242117,0.78428066
SRR5399214,0.002806604,0.12508643,0.15270314,0.71940386
SRR5602033,0.006264955,0.03096059,0.010828227,0.95194626
SRR6182336,0.006367475,0.04570973,0.022280395,0.9256424
SRR5813437,0.006420076,0.11131513,0.0063486397,0.8759161
SRR5947868,0.042665303,0.570222,0.038250774,0.34886193
ERR719023,0.008856624,0.20148242,0.09654948,0.6931115
SRR5079268,0.006275773,0.026257098,0.011613518,0.9558536
SRR497648,0.013211966,0.08559072,0.1051155,0.7960818
SRR5079242,0.006952524,0.026297241,0.0113147795,0.95543545
SRR6185181,0.05655226,0.18738967,0.0041069984,0.7519511
DRR092053,0.024276912,0.027769148,0.008536279,0.93941766
SRR5813203,0.011433244,0.030145228,0.012076199,0.9463453
ERR720192,0.007930398,0.026962817,0.011464447,0.95364237
SRR1763693,0.0075304806,0.056000113,0.0114272535,0.92504215
SRR6331368,0.0065642893,0.032446027,0.015812218,0.94517744
SRR5610157,0.006390065,0.028504938,0.011179715,0.95392525
SRR5218303,0.037621677,0.059987634,0.037496448,0.8648943
SRR5757757,0.014828324,0.08267403,0.3356623,0.56683534
SRR5866408,0.04326135,0.02614212,0.006588042,0.9240085
SRR5549116,0.017743647,0.7628252,0.08427763,0.13515353
SRR5813232,0.0068069994,0.026595205,0.011639714,0.9549581
SRR5813296,0.03612259,0.53300494,0.009247839,0.4216246
SRR5983268,0.09665486,0.3659011,0.00959146,0.52785254
ERR525881,0.026129544,0.2002815,0.02367711,0.74991184
SRR5079070,0.006279111,0.026264817,0.01161167,0.9558444
SRR5757845,0.014124751,0.17438498,0.62256366,0.18892658
SRR6265425,0.00926888,0.028492093,0.012024969,0.950214
SRR6928786,0.006275773,0.026257098,0.011613518,0.9558536
SRR5648804,0.060694188,0.027951807,0.0069069564,0.9044471
SRR5758104,0.010835201,0.026391983,0.010041803,0.952731
SRR5803713,0.013332844,0.028033674,0.010798961,0.9478345
SRR5866362,0.028169334,0.047777504,0.007811725,0.9162414
SRR961816,0.014267951,0.030943811,0.014246166,0.9405421
SRR5651418,0.031105489,0.5914107,0.059140086,0.31834376
ERR720094,0.010609686,0.031886637,0.014642656,0.942861
SRR5548996,0.013100743,0.78232336,0.038700968,0.16587496
ERR719612,0.023602158,0.03139296,0.010811418,0.9341935
SRR6264421,0.0062912405,0.026268572,0.011615604,0.9558246
ERR209396,0.016043544,0.16388473,0.007638693,0.812433
SRR5079255,0.0062540174,0.03235933,0.010628313,0.95075834
SRR5637725,0.05673471,0.026125401,0.006067157,0.91107273
SRR5079165,0.006758094,0.030806184,0.015558422,0.9468773
SRR5803788,0.0066768825,0.026842088,0.011336982,0.95514405
SRR5091595,0.027876973,0.12367204,0.0065802336,0.8418708
ERR209094,0.006539464,0.02847755,0.011997223,0.95298576
SRR6264743,0.004315734,0.078029215,0.07659274,0.8410623
SRR5343177,0.017467767,0.02627021,0.008672535,0.9475895
SRR6424488,0.0049393177,0.075713396,0.83556247,0.08378482
SRR6265659,0.012161732,0.4977474,0.24561572,0.24447513
SRR5803743,0.0076581836,0.18932915,0.0203152,0.78269744
ERR719955,0.017405987,0.047726363,0.019181639,0.915686
SRR5813418,0.049093902,0.08515942,0.006433904,0.8593128
SRR5758024,0.004332632,0.054976612,0.03972006,0.9009707
ERR720215,0.017759383,0.03401324,0.010803878,0.93742347
SRR2918849,0.006479174,0.102309614,0.71423507,0.17697614
ERR209782,0.0046329796,0.5244349,0.007286638,0.46364546
SRR5758174,0.0031399727,0.101873875,0.10982561,0.78516054
SRR051714,0.08151752,0.14640093,0.06048304,0.7115985
ERR719421,0.025043517,0.027632713,0.008654565,0.9386692
SRR5548539,0.006284803,0.02626133,0.011612415,0.9558414
ERR719424,0.024980545,0.027671218,0.008684725,0.9386635
SRR5549079,0.0032524168,0.79377466,0.07137492,0.131598
SRR5609999,0.006322205,0.026276857,0.011595279,0.95580566
SRR6264700,0.00541237,0.037781894,0.020966738,0.935839
ERR209528,0.020994276,0.20961353,0.011470944,0.7579212
SRR7507717,0.022909403,0.09458226,0.009233892,0.87327445
SRR5548428,0.010775,0.810934,0.0835014,0.094789565
SRR5495980,0.04248619,0.026257783,0.0066833794,0.92457265
SRR5629088,0.009316027,0.034786433,0.012959808,0.94293773
ERR719778,0.005254805,0.040379107,0.02416128,0.9302048
SRR5078994,0.006275654,0.026269257,0.011611253,0.9558438
ERR525989,0.006308615,0.026279569,0.011616319,0.9557955
SRR5813384,0.014629126,0.028573543,0.010585785,0.9462116
SRR5813245,0.035416275,0.042607933,0.008393556,0.9135822
ERR719957,0.017016321,0.047270983,0.018551856,0.91716087
SRR6474251,0.057905853,0.19768003,0.0040225685,0.74039155
ERR011121,0.0074840486,0.026729196,0.011450738,0.95433605
ERR209676,0.01380074,0.533621,0.010180235,0.442398
SRR6724557,0.034241974,0.09829453,0.009294808,0.8581687
SRR5610114,0.0066358745,0.026471764,0.011597335,0.955295
SRR5649088,0.017214626,0.027874291,0.0098041,0.945107
SRR5648823,0.017723024,0.16659105,0.010679185,0.80500674
SRR6928763,0.043563515,0.026211292,0.0066101253,0.9236151
SRR5983471,0.01423651,0.049739867,0.020793408,0.9152302
SRR5548639,0.0382739,0.58382934,0.047728658,0.33016813
SRR1185482,0.005574763,0.076835394,0.6084841,0.30910575
SRR3403832,0.0028055906,0.12516761,0.15286031,0.7191665
SRR5648837,0.026186377,0.07977858,0.0064353645,0.8875997
ERR210097,0.012258887,0.09542972,0.022601008,0.8697104
SRR5203269,0.009280145,0.02715528,0.010994166,0.95257044
SRR5396459,0.009182692,0.0462164,0.026799262,0.9178016
SRR6265175,0.0065075755,0.026456177,0.011671275,0.95536494
SRR5343208,0.012879014,0.026272178,0.009468794,0.95138
ERR720012,0.011203885,0.030849546,0.010696292,0.94725025
ERR209160,0.035594314,0.030736417,0.00948298,0.9241863
SRR6424598,0.0049393177,0.075713396,0.83556247,0.08378482
SRR5651447,0.027714133,0.53430665,0.0059525967,0.43202662
SRR5548548,0.0065709334,0.52097356,0.4724556,0.0
SRR5757771,0.0062693655,0.06764901,0.04671806,0.87936354
ERR011232,0.024656743,0.08471045,0.008536577,0.88209623
SRR7423252,0.29603735,0.4599297,0.24403298,0.0
SRR5580427,0.010904402,0.027861714,0.01115942,0.95007443
SRR5650046,0.011325985,0.18448034,0.010107696,0.794086
SRR6185213,0.028228164,0.02718556,0.008048177,0.9365381
SRR5610061,0.013443738,0.026338637,0.009400845,0.95081675
ERR209153,0.011442214,0.083135486,0.028968632,0.87645364
SRR5983479,0.005173236,0.081276506,0.78791857,0.12563169
ERR209530,0.00593397,0.0305219,0.014944583,0.9485996
SRR5813432,0.0063819885,0.026355058,0.0115982,0.95566475
SRR5602113,0.015072137,0.028848827,0.010888696,0.9451903
ERR209205,0.008792043,0.043303013,0.012300581,0.93560433
ERR209543,0.004579842,0.24269602,0.014719486,0.7380047
SRR1930247,0.009066105,0.5986407,0.009764433,0.38252878
SRR5648793,0.066717,0.030412465,0.0078059137,0.8950646
SRR5649172,0.06990862,0.032935083,0.009154469,0.8880018
SRR2142189,0.01157403,0.47847128,0.0038785934,0.5060761
SRR5610086,0.006944835,0.02690345,0.011797309,0.9543544
SRR5020909,0.28666407,0.03656715,0.0071597397,0.66960907
SRR051669,0.10841608,0.046785265,0.009356141,0.83544254
ERR695608,0.027588904,0.049662054,0.008007377,0.91474164
SRR5578987,0.0091916025,0.030260712,0.013780385,0.94676733
SRR5796721,0.123471886,0.043272138,0.011124343,0.82213163
SRR1008735,0.009758115,0.79310024,0.040786922,0.15635473
SRR5549035,0.003272444,0.80680823,0.04484752,0.14507186
SRR5649158,0.094480306,0.038105607,0.007825702,0.8595884
SRR6265545,0.0062772036,0.026258439,0.011613905,0.9558505
SRR5757873,0.011828512,0.3113146,0.09189382,0.5849631
SRR5637796,0.006282121,0.02625814,0.011611015,0.9558487
SRR7008028,0.0325343,0.027805716,0.008111447,0.93154854
SRR5428903,0.006275773,0.026257098,0.011613518,0.9558536
SRR5602109,0.0103753805,0.043407112,0.038691103,0.9075264
SRR5648918,0.024722874,0.039633334,0.021458894,0.9141849
SRR6724492,0.043777853,0.03420496,0.0102007985,0.91181636
SRR6901802,0.03919351,0.26596326,0.0034496784,0.69139355
SRR5091488,0.026598454,0.084374845,0.014439434,0.8745873
ERR719738,0.015310109,0.06522325,0.03242904,0.88703763
ERR525949,0.0061973035,0.026965052,0.012148112,0.9546895
ERR720120,0.00962922,0.03088066,0.015333086,0.944157
ERR321535,0.013287514,0.03214082,0.012256891,0.94231474
SRR5548200,0.0061458647,0.37046748,0.0032685995,0.620118
ERR719734,0.015524983,0.0667555,0.034532815,0.8831867
SRR5429213,0.006275773,0.026257098,0.011613518,0.9558536
SRR3313059,0.0063230693,0.034460127,0.010639429,0.9485774
SRR2142221,0.006275773,0.026257098,0.011613518,0.9558536
SRR5580471,0.007080525,0.05561751,0.0695343,0.8677677
ERR719130,0.010080993,0.027635336,0.0112529695,0.95103073
ERR209862,0.006214112,0.0423882,0.009545416,0.9418523
ERR719185,0.0207538,0.057172805,0.018562138,0.9035113
SRR5548177,0.028422683,0.73515356,0.038409173,0.19801456
ERR505088,0.019137949,0.10928273,0.0075500906,0.8640292
SRR7082915,0.0670217,0.030810863,0.00739336,0.8947741
SRR5903755,0.0072740912,0.62235737,0.07438335,0.29598522
SRR6331145,0.0028330088,0.12338495,0.14841998,0.72536206
SRR6264315,0.0065538883,0.026364565,0.011566371,0.95551515
SRR7507522,0.02227062,0.052517056,0.007582724,0.9176296
SRR053014,0.0068986416,0.7685491,0.03368351,0.19086874
SRR5903322,0.0028055906,0.12516761,0.15286031,0.7191665
ERR209711,0.043668002,0.6452201,0.011131555,0.2999804
ERR209330,0.029627085,0.12691742,0.009404242,0.83405125
SRR5601988,0.03186041,0.59404194,0.044799834,0.32929778
SRR5803649,0.007443756,0.027037382,0.011532813,0.95398605
ERR209206,0.0071390867,0.04876563,0.01746878,0.9266265
SRR5091612,0.027877778,0.031579107,0.009494543,0.9310486
SRR5548497,0.19226035,0.64219207,0.16554761,0.0
ERR720067,0.0071300566,0.051546305,0.016604036,0.9247196
ERR695613,0.029275298,0.20220116,0.005254358,0.7632692
SRR5866291,0.0047113597,0.098217815,0.024909586,0.87216127
SRR5577173,0.27155823,0.42200354,0.07424566,0.23219252
SRR5580615,0.007847279,0.045279145,0.055457085,0.8914165
SRR5757841,0.53487897,0.09394568,0.31535372,0.055821657
SRR5078644,0.01904437,0.026302665,0.008479506,0.9461734
SRR5580550,0.015043795,0.036585152,0.019339979,0.9290311
SRR5429088,0.016713232,0.032842815,0.012031108,0.93841285
SRR6901804,0.10059026,0.104064435,0.0057181716,0.78962713
SRR5203288,0.040819407,0.028224498,0.0078344345,0.9231217
SRR5579011,0.012163609,0.027806371,0.010642171,0.94938785
ERR525828,0.018867493,0.32517612,0.0047837794,0.65117264
ERR011116,0.006275773,0.026257098,0.011613518,0.9558536
SRR6450948,0.0050212443,0.5932845,0.16100836,0.24068594
ERR719189,0.020758808,0.06910792,0.018183678,0.8919496
SRR5758171,0.0049393177,0.07574427,0.8355396,0.08377683
ERR209188,0.02150175,0.045523405,0.010314465,0.92266035
SRR051676,0.0061591268,0.028147638,0.012305051,0.9533882
SRR1008700,0.002707392,0.7966034,0.040311426,0.16037774
SRR961692,0.011354178,0.044567645,0.019517154,0.924561
SRR5610083,0.01636064,0.044273585,0.024074137,0.91529167
ERR634980,0.010896921,0.080920786,0.010848165,0.8973341
SRR6264980,0.040144622,0.03494054,0.018694013,0.9062208
SRR5637814,0.0030543804,0.1085574,0.13297725,0.75541097
ERR719536,0.016649902,0.044208497,0.020806372,0.9183352
ERR209377,0.019535065,0.028544754,0.009847909,0.9420723
ERR719967,0.01667121,0.04390657,0.017828315,0.9215939
SRR5610153,0.0070126057,0.026534647,0.01147747,0.95497525
SRR5648969,0.0858739,0.03466946,0.008464307,0.8709923
SRR6264633,0.0062957406,0.02626592,0.011610687,0.95582765
SRR5761754,0.03596908,0.034531176,0.010657728,0.918842
SRR5610120,0.012473911,0.028714836,0.0113963485,0.9474149
SRR5203321,0.03677416,0.033376157,0.015619755,0.9142299
ERR720033,0.007985324,0.041124165,0.012753755,0.93813676
ERR209416,0.009745717,0.026830137,0.010699242,0.95272493
SRR5548670,0.03152761,0.79411864,0.036433607,0.13792014
SRR5078824,0.0062847435,0.02630362,0.011600107,0.9558115
SRR5202864,0.037831426,0.02730912,0.0074923635,0.9273671
SRR5203225,0.046025455,0.0305458,0.008910209,0.91451854
SRR5610052,0.0100391805,0.32669342,0.0038437545,0.65942365
SRR7507364,0.026553333,0.1472021,0.007724017,0.81852055
ERR209841,0.0426822,0.12854546,0.007681221,0.8210911
ERR321444,0.020184934,0.24822694,0.009026736,0.72256136
ERR525857,0.0062830746,0.02625966,0.011611342,0.95584595
ERR720232,0.018782765,0.15082887,0.02378568,0.8066027
SRR5431370,0.037233114,0.027274728,0.007508725,0.9279834
SRR961850,0.012971491,0.07921371,0.016400456,0.89141434
SRR1999214,0.0256657,0.5597564,0.1022546,0.31232333
SRR5079225,0.0061897933,0.0594877,0.008171141,0.9261514
SRR5580409,0.016949743,0.03856656,0.015478641,0.929005
SRR5757828,0.004939139,0.08010882,0.83141065,0.08354139
SRR7464957,0.0036174655,0.08742568,0.12575975,0.7831971
SRR5602218,0.054287493,0.035332263,0.011553973,0.89882624
SRR6935896,0.012720317,0.5296498,0.023958296,0.4336716
SRR6185202,0.035122752,0.039826244,0.007566929,0.91748405
SRR5803613,0.008447975,0.054783523,0.029958248,0.9068103
ERR719842,0.018041402,0.035431504,0.012253821,0.93427324
SRR6474255,0.030467093,0.111106396,0.0056453943,0.8527811
SRR6724422,0.23027503,0.03777325,0.008538932,0.72341275
SRR5548532,0.0047673583,0.80493474,0.049921274,0.14037663
SRR6264394,0.006648153,0.040507972,0.009693593,0.9431503
ERR719849,0.020703942,0.03047502,0.009546429,0.9392746
ERR720166,0.0068159997,0.02748406,0.011490136,0.9542098
SRR5078925,0.0062737465,0.02676341,0.011520088,0.9554428
